ID,ESTATUS,OPTIMIZADA
47552344989,,
47574230668,in_container,D1_AM3
47572012521,,
47571687275,,
47563078581,sorting,
47572143623,in_container,G5_AM3
47571457919,in_container,C9_AM3
47563648330,in_container,H3_AM3
47568449940,,
47571562550,in_container,A6_AM3
47570365705,,F3_AM3
47571413935,in_container,H1_AM3
47559928615,in_container,D1_AM3
47561847136,in_container,F5_AM3
47564643585,,
47571589232,in_container,F1_AM3
47576667826,in_container,D7_AM3
47571598180,in_container,A8_AM3
47575101441,in_container,H1_AM3
47576948838,in_container,F4_AM3
47578769187,in_container,D1_AM3
47575225132,,D3_AM3
47571364691,in_container,B5_AM3
47571558234,in_container,C2_AM3
47577374860,in_container,D2_AM3
47576377895,,
47575627882,in_container,C5_AM3
47536070726,in_container,
47571762040,in_container,D5_AM3
47575142225,in_container,
47572005856,sorting,H6_AM3
47575495488,,G8_AM3
47571868556,sorting,
47556622307,,
47577576893,in_container,A4_AM3
47565487084,sorting,
47575771395,in_container,B9_AM3
47570731233,in_container,H7_AM3
47576793346,,
47570317234,in_container,G5_AM3
47563412980,in_container,F2_AM3
47571133901,in_container,G4_AM3
47577003270,in_container,A3_AM3
47577055739,in_container,D2_AM3
47578573118,in_container,B2_AM3
47570089736,sorting,
47580689906,in_container,B7_AM3
47572134620,sorting,
47568885078,sorting,
47576864562,,
47570039895,,
47570581757,in_container,G5_AM3
47565982248,,
47569287995,in_container,D7_AM3
47578317392,in_container,D6_AM3
47575018871,in_container,B6_AM3
47571893534,in_container,F2_AM3
47563748688,,
47573917198,in_container,A6_AM3
47571491875,in_container,F5_AM3
47580005780,in_container,F5_AM3
47570687577,sorting,G8_AM3
47568493216,,B8_AM3
47577484648,in_container,C2_AM3
47575173582,in_container,A3_AM3
47577029896,sorting,
47572039341,in_container,H5_AM3
47572002161,in_container,A2_AM3
47577025522,in_container,C5_AM3
47562453848,,
47541455641,,
47569160228,in_container,B4_AM3
47567679378,sorting,
47570540033,in_container,H2_AM3
47576484543,in_container,F3_AM3
47563780664,in_container,D1_AM3
47571674569,in_container,
47576114228,in_container,D8_AM3
47571397349,in_container,F6_AM3
47567344577,in_container,B6_AM3
47565464497,in_container,D4_AM3
47551835813,,
47576521152,in_container,C3_AM3
47574374985,sorting,A4_AM3
47550615919,,
47575785633,sorting,
47574899267,sorting,
47568896778,in_container,F6_AM3
47569427797,in_container,C2_AM3
47567810559,in_container,B9_AM3
47575897602,in_container,B6_AM3
47568352887,in_container,D2_AM3
47575083283,in_container,H4_AM3
47550642951,,G4_AM3
47576903637,in_container,G5_AM3
47569141837,sorting,
47571151809,,
47577373340,in_container,H1_AM3
47566304576,,
47563226303,,
47572191067,sorting,A5_AM3
47569738596,sorting,B4_AM3
47561900074,,
47562675640,,
47569445879,,
47576901838,in_container,B3_AM3
47578465077,in_container,D5_AM3
47574020084,sorting,
47562533683,in_container,A9_AM3
47563493447,in_container,
47571769404,in_container,B8_AM3
47571824170,,C1_AM3
47569834056,in_container,C4_AM3
47576270486,in_container,A3_AM3
47575544419,sorting,
47571393523,in_container,D1_AM3
47576439401,in_container,D2_AM3
47570972407,in_container,D7_AM3
47569978402,,
47574954726,in_container,
47571251378,sorting,
47575374037,in_container,D3_AM3
47577375050,in_container,B2_AM3
47576247555,in_container,H8_AM3
47569951275,,
47563238557,in_container,D1_AM3
47563826546,,A8_AM3
47561862102,in_container,A5_AM3
47576964591,in_container,G8_AM3
47572267120,sorting,G4_AM3
47578197590,in_container,G2_AM3
47571929777,sorting,
47568825897,in_container,A9_AM3
47563030530,in_container,H4_AM3
47569846360,in_container,C2_AM3
47575955093,in_container,A10_AM3
47571934987,in_container,F5_AM3
47557204404,,
47575980395,sorting,B7_AM1
47575980395,sorting,G3_AM3
47575630896,in_container,B2_AM3
47563789948,in_container,A4_AM3
47570402973,,
47563653878,in_container,A8_AM3
47572898798,in_container,A5_AM3
47575596471,in_container,B6_AM3
47560180956,in_container,D1_AM3
47576801524,in_container,B4_AM3
47572224822,sorting,H5_AM3
47569592184,sorting,
47522599843,in_container,H7_AM3
47565943052,in_container,H3_AM3
47574723154,in_container,F4_AM3
47578750770,in_container,C9_AM3
47572118562,in_container,C3_AM3
47552402467,,
47571020948,in_container,F3_AM3
47571803141,,
47576404470,in_container,G8_AM3
47567434944,in_container,B9_AM3
47562501774,in_container,C7_AM3
47570271951,sorting,
47573952713,in_container,B5_AM3
47576691791,in_container,C5_AM3
47563286357,,
47577335909,in_container,G8_AM3
47571969474,sorting,D6_AM3
47558132002,sorting,
47575839473,in_container,
47568441008,sorting,
47569166897,,
47571823936,in_container,G10_AM3
47577894509,in_container,F4_AM3
47578846734,in_container,B1_AM3
47577531323,in_container,C4_AM3
47570066246,in_container,C1_AM3
47577630094,in_container,A6_AM3
47556494064,,H4_AM3
47563234453,,F3_AM3
47568940465,sorting,F4_AM3
47567064084,in_container,G3_AM3
47564185175,sorting,
47561571338,,
47571304812,sorting,
47575456076,in_container,F1_AM3
47560905213,in_container,C4_AM3
47572181080,sorting,
47568104125,in_container,B6_AM3
47577270602,in_container,A5_AM3
47576734204,sorting,
47571989764,in_container,H1_AM3
47577018400,in_container,
47564062013,,B3_AM3
47577209535,in_container,A8_AM3
47566848641,in_container,B9_AM3
47551671147,,
47563764010,,
47571170862,sorting,
47570533455,in_container,G7_AM3
47561930788,in_container,D1_AM3
47568145363,sorting,C2_AM3
47560841854,in_container,B5_AM3
47580247094,sorting,
47570099748,,
47560809114,in_container,A9_AM3
47575721373,in_container,G7_AM3
47575368702,in_container,A6_AM3
47574044985,in_container,A1_AM3
47571780198,in_container,F4_AM3
47577078460,in_container,
47572168810,in_container,C5_AM3
47576624383,,
47576516943,sorting,H8_AM3
47576856249,in_container,C1_AM3
47567586293,in_container,B9_AM3
47569703303,in_container,C7_AM3
47578106024,in_container,H1_AM3
47575854347,in_container,C4_AM3
47574948634,in_container,C1_AM3
47578545687,in_container,G7_AM3
47566863320,in_container,G3_AM3
47569905178,sorting,
47574759748,sorting,
47570553318,in_container,A8_AM3
47570214558,in_container,F1_AM3
47565234810,,A8_AM3
47551717215,in_container,
47570280841,in_container,G7_AM3
47567724038,in_container,C2_AM3
47551385167,,G2_AM3
47575986126,in_container,A2_AM3
47551372700,,
47570992149,,
47566370831,in_container,B3_AM3
47565993810,,
47563591579,in_container,A7_AM3
47571295808,sorting,
47576555588,in_container,D4_AM3
47570787357,,
47571023712,in_container,F6_AM3
47577193706,in_container,A10_AM3
47569326263,in_container,A5_AM3
47560030033,in_container,G6_AM3
47576175895,in_container,G6_AM3
47558024977,in_container,A2_AM3
47556372963,,B3_AM3
47575792846,sorting,
47563297601,sorting,
47578004186,in_container,B3_AM3
47570762407,sorting,A10_AM3
47577581352,in_container,G9_AM3
47570333330,in_container,B4_AM3
47568268551,in_container,C9_AM3
47568969689,in_container,
47568757925,,
47571966421,in_container,A3_AM3
47577907367,in_container,F1_AM3
47563708420,,
47577213282,in_container,H4_AM3
47555256731,,
47572529922,in_container,A5_AM3
47571620877,in_container,B4_AM3
47575703435,in_container,B8_AM3
47577546797,in_container,D2_AM3
47571678284,in_container,F1_AM3
47550323112,,
47572062999,in_container,F2_AM3
47570400010,,
47572024809,in_container,D1_AM3
47571371091,in_container,B9_AM3
47570882144,in_container,B6_AM3
47577881278,in_container,G4_AM3
47577276170,in_container,C7_AM3
47571634844,sorting,
47571802602,in_container,A6_AM3
47577056832,,
47578770552,in_container,H3_AM3
47578225444,in_container,A10_AM3
47563706674,in_container,D6_AM3
47578175777,in_container,G1_AM3
47565925150,in_container,C6_AM3
47570121668,in_container,C4_AM3
47576106611,in_container,D2_AM3
47567889603,in_container,H5_AM3
47568285229,,H1_AM3
47571922540,sorting,
47563402417,in_container,D1_AM3
47570381329,in_container,
47575008485,sorting,
47555414712,,
47570200810,in_container,B7_AM3
47558138514,sorting,C6_AM3
47555496015,,C1_AM3
47570970155,sorting,
47577043537,in_container,C6_AM3
47563280857,in_container,F3_AM3
47557548405,,D5_AM3
47571630790,,
47555560909,,A2_AM3
47570634644,in_container,A3_AM3
47559590192,sorting,
47571393087,in_container,B7_AM3
47577428704,in_container,D6_AM3
47571573430,sorting,
47566674632,in_container,D1_AM3
47561538366,in_container,F7_AM3
47575663831,sorting,
47570685396,in_container,H2_AM3
47569051291,sorting,A10_AM3
47572002375,in_container,D4_AM3
47569089890,sorting,
47570464876,sorting,H1_AM3
47571598228,in_container,B5_AM3
47571171258,in_container,B6_AM3
47576000757,in_container,B4_AM3
47567056535,,
47571451351,,
47560518477,in_container,C1_AM3
47575007239,sorting,
47575030833,in_container,A9_AM3
47566533328,in_container,
47556260614,,G5_AM3
47571706024,in_container,B2_AM3
47574783186,in_container,C3_AM3
47562267467,,
47568270724,in_container,F1_AM3
47577122602,in_container,A8_AM3
47571676065,,
47567924100,sorting,H5_AM3
47576432035,in_container,
47570750227,sorting,
47574030917,in_container,D7_AM3
47571649935,sorting,
47574764142,sorting,
47562488329,,
47562866069,,
47573714957,in_container,B4_AM3
47569336461,,
47563167308,,
47565377686,,D6_AM3
47571146289,in_container,D2_AM3
47553679695,,H8_AM3
47575640785,in_container,A3_AM3
47570088636,sorting,
47577432174,in_container,A6_AM3
47571031095,in_container,H8_AM3
47557456781,,D1_AM3
47572206406,,
47571632709,sorting,
47569831762,in_container,G9_AM3
47563439853,sorting,
47575775719,in_container,C7_AM3
47572227610,sorting,
47569899953,sorting,
47566308483,,
47568565697,sorting,
47563405824,,
47568744329,,
47576521499,,
47575998898,in_container,H4_AM3
47575317553,in_container,D7_AM3
47571543768,,
47571702775,in_container,H4_AM3
47549980110,,
47548590108,,B4_AM3
47569004498,in_container,F5_AM3
47567645649,sorting,
47568651687,in_container,F5_AM3
47566149145,in_container,A9_AM3
47570553296,in_container,A8_AM3
47550916799,,G6_AM3
47573517191,in_container,H3_AM3
47568316353,,
47576380016,,
47567495444,,
47567543209,sorting,
47569046613,sorting,A10_AM3
47565129595,,
47578412772,in_container,F1_AM3
47575819270,in_container,H2_AM3
47571566858,in_container,D5_AM3
47567978261,in_container,C5_AM3
47564610487,in_container,G2_AM3
47570488859,in_container,A7_AM3
47569839255,sorting,D5_AM3
47570659145,sorting,G4_AM3
47577162186,,
47568048536,sorting,A5_AM3
47563488599,in_container,G5_AM3
47571962156,in_container,C2_AM3
47567903062,,
47571660219,in_container,H4_AM3
47570722357,in_container,G7_AM3
47562732940,sorting,
47577899563,in_container,C4_AM3
47575750793,in_container,A1_AM3
47572199264,in_container,C3_AM3
47573471903,sorting,
47556987027,,
47572651225,sorting,
47566364395,,
47571178622,,
47576688281,,
47571997921,in_container,D1_AM3
47558794781,in_container,B2_AM3
47578361203,in_container,C3_AM3
47563490550,in_container,H3_AM3
47576976186,in_container,D1_AM3
47578330896,in_container,G8_AM3
47563769445,,
47575862446,,F7_AM3
47572039082,in_container,D1_AM3
47575532890,in_container,F4_AM3
47573842418,in_container,
47570349154,in_container,A7_AM3
47566308463,,
47572138447,in_container,
47560799701,sorting,D8_AM3
47577889284,in_container,G7_AM3
47576911987,,
47563692848,sorting,
47563208361,,
47572050275,in_container,D8_AM3
47557740319,,
47575512775,sorting,
47576721179,,
47569609807,in_container,D8_AM3
47575695074,sorting,D3_AM3
47577035283,in_container,A5_AM3
47570664313,,
47554647779,,F2_AM3
47571575777,,D4_AM3
47571396060,in_container,F1_AM3
47558235148,sorting,F3_AM3
47563538228,,
47563267698,in_container,G10_AM3
47557845913,sorting,
47571905327,,B1_AM3
47568728807,in_container,A2_AM3
47563475507,,
47572325856,,
47576341141,,
47548347932,,B8_AM2
47576511350,sorting,
47576642276,,D4_AM3
47571573149,in_container,A8_AM3
47575370964,,
47570963959,in_container,G3_AM3
47571977135,,
47563096615,in_container,H3_AM3
47558009519,in_container,
47561016152,in_container,G2_AM3
47574960766,in_container,
47562819073,in_container,D1_AM3
47575085725,sorting,
47577772028,in_container,A4_AM3
47577404290,in_container,F1_AM3
47571753729,in_container,F4_AM3
47571753280,in_container,A6_AM3
47577078300,in_container,D8_AM3
47569321542,in_container,A8_AM3
47578563537,in_container,A6_AM3
47561508965,,
47578590067,in_container,D1_AM3
47570634512,,
47576937896,in_container,D7_AM3
47571807501,in_container,A4_AM3
47578740010,in_container,A7_AM3
47571696836,sorting,
47563351909,in_container,D2_AM3
47567053299,sorting,
47571953761,in_container,C4_AM3
47567404028,,
47563518303,,
47563403201,,
47578886268,in_container,A6_AM3
47563611228,sorting,
47572217768,in_container,A9_AM3
47574756219,in_container,D8_AM3
47558128722,sorting,
47573825166,sorting,
47577770823,in_container,H3_AM3
47577462958,in_container,A10_AM3
47557299683,,
47576460331,in_container,C2_AM3
47575767738,in_container,D2_AM3
47563822364,in_container,B5_AM3
47553330044,,
47577307657,in_container,C3_AM3
47560404571,,G10_AM3
47577043514,in_container,B6_AM3
47562841799,in_container,G5_AM3
47577440146,in_container,B9_AM3
47574615520,in_container,
47577870084,in_container,B1_AM3
47561886876,sorting,
47571998670,in_container,C9_AM3
47571361801,,
47571401554,,
47571213770,in_container,C2_AM3
47577394148,in_container,D7_AM3
47576880274,in_container,B1_AM3
47572070096,,
47569956054,sorting,
47565217854,in_container,F7_AM3
47555921258,,
47577332010,in_container,C7_AM3
47556230394,,
47563744048,,
47572050503,in_container,B5_AM3
47572267974,,
47570597966,,
47571183307,in_container,H2_AM3
47574703524,in_container,A5_AM3
47557684960,,A5_AM3
47577454384,in_container,H4_AM3
47571484323,,C2_AM3
47556964474,,
47571123153,in_container,B8_AM3
47567295062,,F2_AM3
47570035898,sorting,A9_AM3
47557065321,,B9_AM3
47557143468,sorting,
47571516957,,
47571625191,in_container,C9_AM3
47570521136,in_container,B9_AM3
47555770162,,
47580573112,in_container,F5_AM3
47563200981,sorting,
47568393332,in_container,G3_AM3
47566961506,in_container,D6_AM3
47575380612,in_container,G4_AM3
47570049806,in_container,G8_AM3
47575586217,in_container,C1_AM3
47569377247,sorting,
47571963779,,
47567733048,sorting,
47566152897,,
47567705676,in_container,G6_AM3
47577078578,sorting,
47573082569,in_container,H1_AM3
47571644473,,
47576346491,,
47575718025,in_container,C2_AM3
47578290786,in_container,A6_AM3
47571270326,in_container,G3_AM3
47578735705,in_container,A2_AM3
47570958331,,H6_AM3
47548855188,,
47572310696,in_container,A4_AM3
47563371058,sorting,
47573225483,in_container,H8_AM3
47568922011,sorting,B1_AM3
47571105260,,
47577598409,in_container,B6_AM3
47560322195,,
47576828479,in_container,
47563793781,,
47565432717,,
47577033677,in_container,B1_AM3
47576252529,in_container,G1_AM3
47578299148,in_container,B9_AM3
47576356220,in_container,D2_AM3
47563973758,sorting,
47562612346,,
47547652325,in_container,D3_AM3
47547225877,in_container,C6_AM3
47570601750,in_container,F7_AM3
47574964165,sorting,
47555414710,,
47569664356,in_container,D2_AM3
47570987183,in_container,D3_AM3
47571979117,in_container,F5_AM3
47575921701,in_container,G4_AM3
47562902271,in_container,B7_AM3
47566285038,,
47570740625,,
47566641674,,
47563463929,,B5_AM3
47567001979,,
47577119009,in_container,H1_AM3
47568397056,in_container,A4_AM3
47570863731,sorting,
47575435248,in_container,
47571432644,,
47554714359,,
47558068904,in_container,A8_AM3
47563528916,,
47577261629,in_container,B9_AM3
47563443343,,
47574382991,in_container,G2_AM3
47570779376,,C5_AM3
47562958132,,
47569619735,,
47577413412,sorting,
47571134877,sorting,
47571345401,in_container,F3_AM3
47567580856,,
47571800857,sorting,
47576772353,in_container,B3_AM3
47574431130,,
47575004349,sorting,
47577145513,in_container,H2_AM3
47566868546,sorting,D5_AM3
47580477828,in_container,A5_AM3
47576995248,in_container,A9_AM3
47544384204,,D3_AM3
47556114217,,
47571259884,in_container,D8_AM3
47578501186,sorting,
47555638223,,
47576570163,in_container,A5_AM3
47579737828,in_container,D1_AM3
47562956803,sorting,
47571733913,in_container,D8_AM3
47574988230,in_container,A1_AM3
47578397906,in_container,F2_AM3
47575734592,sorting,H7_AM3
47567215158,in_container,H5_AM3
47566654771,in_container,G5_AM3
47577975002,in_container,A7_AM3
47576679717,in_container,G5_AM3
47571422763,in_container,C3_AM3
47571649404,sorting,
47573286029,in_container,D2_AM3
47556814096,,
47550706885,,H3_AM3
47565742733,sorting,
47567703538,sorting,D8_AM3
47557381735,,
47576804043,in_container,F3_AM3
47566532466,sorting,H4_AM3
47576823843,in_container,A2_AM3
47570792100,in_container,D6_AM3
47557476465,,D1_AM3
47571808039,in_container,B1_AM3
47572138611,sorting,
47565204446,in_container,
47570747944,in_container,D8_AM3
47574768098,,
47577278715,in_container,F1_AM3
47563546281,in_container,G6_AM3
47567233585,in_container,B1_AM3
47568804559,in_container,F1_AM3
47551342753,,
47569677949,in_container,D8_AM3
47571716415,in_container,G8_AM3
47578080068,in_container,D2_AM3
47572552150,in_container,C6_AM3
47576490439,,
47571956869,in_container,B5_AM3
47557474231,,
47562405665,,
47563287107,,A1_AM3
47548833841,,C8_AM3
47551372698,,
47578030533,in_container,A9_AM3
47572161518,in_container,A3_AM3
47576401521,,F7_AM3
47571919334,,
47474557832,,D1_AM3
47571430640,,
47571130951,in_container,H4_AM3
47571272531,in_container,H5_AM3
47568202201,sorting,
47571644223,in_container,G6_AM3
47577139673,in_container,H8_AM3
47569158396,in_container,A7_AM3
47569158396,in_container,A5_AM1
47552752912,,
47557185931,,H4_AM3
47575812399,in_container,B6_AM3
47551208521,,
47568820943,,
47573424446,in_container,H7_AM3
47576120792,in_container,C1_AM3
47574305539,,
47572071807,,
47568724755,in_container,F5_AM3
47570625843,sorting,G8_AM3
47563167306,,
47571929783,sorting,
47577064718,in_container,D5_AM3
47571678364,in_container,D4_AM3
47577788234,sorting,H5_AM3
47563552245,sorting,
47571440708,in_container,H8_AM3
47577400958,sorting,
47565483311,in_container,B6_AM3
47574370924,in_container,B3_AM3
47573101752,in_container,C1_AM3
47570682028,in_container,B1_AM3
47575963762,in_container,
47571641460,sorting,
47563127470,,
47569748080,in_container,C6_AM3
47569172224,sorting,B1_AM3
47571979329,in_container,H5_AM3
47577956539,in_container,A3_AM3
47576263169,in_container,C1_AM3
47580057903,sorting,H1_AM2
47576541449,sorting,
47565370734,sorting,G5_AM3
47564020498,in_container,C7_AM3
47565702075,,
47575809911,in_container,A9_AM3
47568652716,in_container,A2_AM3
47567880124,sorting,
47553951903,,
47571859762,in_container,C3_AM3
47555559953,,
47569868630,in_container,A1_AM3
47568281177,in_container,C6_AM3
47570791914,in_container,D5_AM3
47577729994,in_container,D3_AM3
47577375100,in_container,D2_AM3
47569594530,,
47571637898,sorting,
47577889871,in_container,B4_AM3
47574624349,in_container,B7_AM3
47575512129,in_container,C4_AM3
47568948665,in_container,D6_AM3
47568777223,,
47554131732,,G10_AM3
47574422749,sorting,F10_AM3
47571919235,,
47560862112,in_container,H6_AM3
47572357565,,
47558145386,in_container,G2_AM3
47567794144,sorting,A10_AM3
47568665175,,
47576568490,,
47571963238,sorting,A2_AM3
47563677767,in_container,A10_AM3
47570651105,sorting,B9_AM3
47578544037,in_container,G8_AM3
47549637287,,D7_AM3
47576256130,in_container,A10_AM3
47552164982,,
47577502357,sorting,
47575516026,,H8_AM3
47574939753,in_container,D3_AM3
47548533477,,D4_AM3
47556310655,,
47556894747,sorting,
47571920467,in_container,A2_AM3
47572001913,sorting,C6_AM3
47575900294,in_container,D1_AM3
47578705192,sorting,D7_AM3
47569021243,in_container,G3_AM3
47571362169,,
47570438046,in_container,H4_AM3
47575689656,in_container,F1_AM3
47573594362,in_container,D3_AM3
47576580252,,B8_AM3
47573626999,in_container,F3_AM3
47574826245,in_container,C6_AM3
47577829173,in_container,G1_AM3
47572042318,in_container,C3_AM3
47571876800,,
47574423715,sorting,
47576411983,in_container,F4_AM3
47570755053,in_container,C3_AM3
47554017140,,H8_AM3
47560562107,sorting,G9_AM3
47578352056,in_container,F2_AM3
47575757569,sorting,
47576356260,in_container,D2_AM3
47576702233,in_container,A7_AM3
47573871063,sorting,
47566670415,in_container,D9_AM3
47570034745,in_container,D3_AM3
47571737378,sorting,
47558566767,sorting,
47565402967,,
47575474944,,
47568794195,in_container,B2_AM3
47565965253,in_container,
47573388953,sorting,C8_AM3
47570847755,sorting,G5_AM3
47565868385,in_container,A3_AM3
47571965930,in_container,G8_AM3
47563650119,sorting,
47577481255,in_container,A1_AM3
47567463544,sorting,
47572231564,in_container,H3_AM3
47569529119,,
47571082795,in_container,A10_AM3
47575540082,in_container,C7_AM3
47563356431,,
47566574385,,
47573689391,in_container,F2_AM3
47562955977,sorting,
47571889768,in_container,
47576301126,in_container,A6_AM3
47577588360,in_container,F2_AM3
47571875158,sorting,H7_AM3
47570725734,in_container,H3_AM3
47567263238,sorting,
47571318080,in_container,A4_AM3
47563781230,,
47577900357,in_container,H4_AM3
47575843788,sorting,C1_AM3
47568665922,in_container,A10_AM3
47576512685,in_container,C4_AM3
47572162650,in_container,F1_AM3
47577053391,in_container,C7_AM3
47558269914,sorting,
47571242564,sorting,
47568563193,sorting,B5_AM3
47576837333,in_container,G7_AM3
47576586031,,A7_AM3
47566646911,,
47571128375,in_container,H2_AM3
47563504241,in_container,F1_AM3
47570294017,,
47577659162,in_container,H2_AM3
47551540663,,C6_AM3
47554690698,,G5_AM3
47576668528,in_container,D1_AM3
47571434950,in_container,A6_AM3
47569907323,in_container,G4_AM3
47569650475,,
47562425115,in_container,A10_AM3
47577571208,in_container,B4_AM3
47568721580,in_container,B5_AM3
47577973227,in_container,G2_AM3
47563355406,sorting,
47576573118,in_container,D1_AM3
47571758188,in_container,B9_AM3
47571531470,,
47563547413,in_container,G2_AM3
47577579365,in_container,G5_AM3
47570943299,in_container,D2_AM3
47575169482,in_container,C1_AM3
47570615592,in_container,B4_AM3
47557087019,,
47570851283,in_container,A3_AM3
47563140599,in_container,F3_AM3
47576334074,sorting,
47570121723,sorting,
47577216213,in_container,H2_AM3
47578569450,in_container,B5_AM3
47571085013,in_container,H2_AM3
47571646282,in_container,A3_AM3
47556120384,,
47576469109,in_container,C4_AM3
47557868253,in_container,B6_AM3
47571261486,,
47574828790,sorting,
47571595916,in_container,H1_AM3
47571951068,in_container,F4_AM3
47570119589,in_container,D9_AM3
47563798562,in_container,D3_AM3
47573254878,,
47568097594,in_container,B6_AM3
47571708936,,
47570355387,in_container,C1_AM3
47567705326,,G3_AM3
47571086359,in_container,A5_AM3
47570389923,,
47571549476,,
47571041652,sorting,
47571491701,sorting,F5_AM3
47571747982,,H2_AM3
47571468449,sorting,A6_AM3
47576255382,in_container,A8_AM3
47571756872,in_container,C2_AM3
47556342963,,
47565719304,sorting,D5_AM3
47572195324,in_container,B8_AM3
47484958381,,G10_AM3
47576953443,in_container,B1_AM3
47576250358,in_container,B4_AM3
47562864593,in_container,H2_AM3
47566799057,in_container,C4_AM3
47568876571,sorting,
47577843208,in_container,G5_AM3
47570535780,in_container,C8_AM3
47567348378,in_container,H1_AM3
47571238688,,
47508032408,in_container,C9_AM3
47571733250,in_container,D6_AM3
47569131267,,
47578044901,in_container,C6_AM3
47568735461,,
47576203194,in_container,G3_AM3
47577135592,,
47562952993,in_container,G2_AM3
47569505920,,B2_AM3
47574808514,,
47563038159,in_container,A4_AM3
47566356312,,D5_AM3
47570758876,in_container,D4_AM3
47562636139,sorting,C3_AM3
47575216073,in_container,G1_AM3
47571590669,in_container,B3_AM3
47571094331,sorting,H8_AM3
47567661865,sorting,B6_AM3
47571715572,in_container,B1_AM3
47568710977,,
47559700115,sorting,
47565931484,,
47557932510,in_container,
47576527383,,
47563613376,in_container,
47572111375,sorting,
47576137136,,
47549980006,,
47576942037,in_container,
47570395660,in_container,G7_AM3
47568538234,sorting,
47575556447,in_container,G4_AM3
47567201770,sorting,
47570213698,in_container,C9_AM3
47563510839,,D5_AM3
47577337203,in_container,A6_AM3
47576469069,in_container,C4_AM3
47578663365,in_container,C4_AM3
47563462239,sorting,
47560554944,sorting,C1_AM3
47571829988,in_container,C7_AM3
47569602195,sorting,
47571745923,,
47572231244,in_container,D6_AM3
47566851383,,
47548210696,,
47572176204,in_container,A7_AM3
47574788653,sorting,
47578468770,in_container,C2_AM3
47540702858,sorting,
47574632969,in_container,B1_AM3
47563538064,,
47563679699,sorting,C7_AM2
47572262098,in_container,C2_AM3
47570710446,in_container,A2_AM3
47568946728,in_container,F1_AM3
47571938000,sorting,
47563471329,in_container,B5_AM3
47575544689,sorting,
47577113793,in_container,C9_AM3
47559103881,sorting,
47569581001,sorting,
47574721360,,F6_AM3
47567214481,sorting,H2_AM3
47571604415,in_container,B6_AM3
47574157658,,
47571625175,sorting,
47570416166,in_container,F3_AM3
47575567391,in_container,A3_AM3
47563172910,,
47562444865,in_container,H5_AM3
47566698943,in_container,A3_AM3
47577739881,in_container,A5_AM3
47563625736,,C4_AM3
47574582699,in_container,A6_AM3
47569514967,,D7_AM3
47577293638,in_container,A5_AM3
47567886763,sorting,
47577162802,,
47551796707,,
47572245962,in_container,D3_AM3
47563096383,in_container,D3_AM3
47551776348,in_container,D6_AM3
47577783673,in_container,D2_AM3
47570675787,in_container,D6_AM3
47567077397,,
47570585803,in_container,G7_AM3
47563807910,in_container,C1_AM3
47563388325,in_container,H7_AM3
47577904325,,A3_AM3
47577648115,in_container,B2_AM3
47573229229,in_container,A8_AM3
47578112763,in_container,B1_AM3
47570698825,sorting,H7_AM3
47568929628,,D2_AM3
47563459909,in_container,H6_AM3
47574966284,in_container,G4_AM3
47573579048,in_container,B2_AM3
47572348214,in_container,C8_AM3
47576364091,in_container,C3_AM3
47567028731,,C1_AM3
47568132302,in_container,
47571477671,in_container,
47569182487,,
47572130604,in_container,D8_AM3
47567605622,in_container,G8_AM3
47551592499,,
47569969643,sorting,
47573246297,in_container,B4_AM3
47578280817,in_container,G3_AM3
47570855523,,
47571164208,in_container,F6_AM3
47570982912,,F2_AM3
47563457810,in_container,A8_AM3
47576332794,,
47578672351,sorting,
47577409207,in_container,G9_AM3
47555193875,,G1_AM3
47576530633,in_container,B8_AM3
47556912263,,
47575134154,,
47569695577,sorting,
47575165433,in_container,C3_AM3
47579855458,in_container,F5_AM3
47575665545,in_container,F5_AM3
47563235160,,D5_AM3
47569077543,sorting,
47575993311,in_container,C6_AM3
47574094195,in_container,B3_AM3
47558524419,,
47563656160,sorting,
47571717838,,
47567206095,in_container,F2_AM3
47570987140,sorting,C2_AM3
47562398321,,
47569211914,in_container,
47576953934,in_container,G9_AM3
47576931954,in_container,
47563740338,,
47567000115,,
47562629509,in_container,F3_AM3
47577413508,in_container,H2_AM3
47566146380,in_container,F5_AM3
47572062612,,
47568316488,,
47566532484,sorting,
47568262645,in_container,D2_AM3
47580091769,in_container,C7_AM3
47548262942,,
47569613009,sorting,
47568377596,sorting,
47577354196,in_container,A9_AM3
47571498843,in_container,B3_AM3
47552267628,,D1_AM3
47570824782,in_container,B7_AM3
47569678848,sorting,
47572156928,in_container,C7_AM3
47576998169,in_container,D4_AM3
47568147551,in_container,D4_AM3
47571031121,in_container,B8_AM3
47568229078,,
47576057415,sorting,
47554169742,,A9_AM3
47555441349,,
47551170879,,
47572053029,,
47552192944,,G5_AM3
47577982582,in_container,G7_AM3
47574163767,in_container,A7_AM3
47570170885,in_container,B2_AM3
47555233899,,H2_AM3
47554527216,,
47577091816,,
47561642548,in_container,C3_AM3
47572239216,in_container,C2_AM3
47565620380,sorting,
47568596030,,
47544815648,,
47576941773,sorting,F10_AM3
47572120460,in_container,F8_AM3
47571587132,sorting,
47571291456,in_container,
47576933303,in_container,H2_AM3
47574561449,in_container,C1_AM3
47575829878,sorting,
47575833750,in_container,C6_AM3
47563511699,in_container,D1_AM3
47569266660,in_container,D8_AM3
47571170390,in_container,G2_AM3
47561512484,in_container,C1_AM3
47569228573,in_container,B6_AM3
47570500886,in_container,B2_AM3
47577972187,in_container,H4_AM3
47572231443,in_container,G7_AM3
47577587109,in_container,H2_AM3
47556191496,,
47575937761,in_container,B7_AM3
47571218889,in_container,D1_AM3
47567715218,,
47561935381,,
47571460288,sorting,
47563769567,,
47570211441,sorting,
47567437557,in_container,G1_AM3
47563673388,in_container,C1_AM3
47563469083,in_container,B7_AM3
47557708994,,
47571810218,in_container,G7_AM3
47575644031,in_container,B2_AM3
47570585994,in_container,A1_AM3
47574927441,in_container,C7_AM3
47559042272,sorting,
47570993321,in_container,A5_AM3
47555041958,,
47571742056,sorting,
47556945651,,D7_AM3
47555472903,,
47567302297,,
47560267869,sorting,
47572181966,in_container,C1_AM3
47576629153,in_container,B3_AM3
47569330122,in_container,F7_AM3
47569834110,in_container,C4_AM3
47576779406,in_container,C8_AM3
47576471804,,
47557800092,,J1_AM1
47576221445,in_container,D9_AM3
47569258836,in_container,A10_AM3
47568221238,,
47571812013,in_container,B6_AM3
47566965324,,
47577489503,in_container,A1_AM3
47557926016,in_container,C1_AM3
47574192425,in_container,C2_AM3
47578264039,sorting,F8_AM3
47575847610,in_container,C6_AM3
47563512336,,
47557147448,in_container,F5_AM3
47568648962,in_container,A3_AM3
47565809303,,
47574926153,in_container,D3_AM3
47571699771,in_container,D8_AM3
47573630844,in_container,H2_AM3
47569349391,,
47571211709,sorting,
47572172504,,
47573993340,in_container,D2_AM3
47571679216,sorting,
47571485039,in_container,B3_AM3
47575432861,in_container,
47564863548,sorting,
47569172270,sorting,
47567488557,sorting,F9_AM3
47577975558,in_container,F4_AM3
47567530764,,C1_AM3
47575858334,,
47571831004,in_container,H2_AM3
47570153301,in_container,B2_AM3
47577988964,in_container,D2_AM3
47563582392,in_container,D1_AM3
47572066016,in_container,C2_AM3
47577130540,in_container,F7_AM3
47576782989,in_container,D1_AM3
47573588712,in_container,F3_AM3
47571588726,sorting,C2_AM3
47570508282,in_container,
47571746366,sorting,
47567575630,,C1_AM3
47567413019,sorting,
47567276519,sorting,
47572016854,,
47578530890,in_container,G8_AM3
47574763814,in_container,G5_AM3
47580149778,in_container,D1_AM3
47564062391,in_container,A7_AM3
47572344714,,
47550623971,,
47570027673,sorting,A8_AM3
47571293081,sorting,
47570911635,sorting,
47572217320,,
47566523077,in_container,G1_AM3
47576862034,in_container,H2_AM3
47558864150,sorting,
47563138696,in_container,C5_AM3
47575594615,sorting,
47569196022,,D3_AM3
47575539336,sorting,F4_AM3
47578604169,sorting,C1_AM3
47576805892,in_container,D9_AM3
47575443675,,
47567727793,,
47571686723,in_container,C7_AM3
47569097208,in_container,F2_AM3
47553645951,,B9_AM3
47575651724,in_container,G1_AM3
47560259605,,
47562790948,in_container,B1_AM3
47555096529,in_container,H5_AM3
47563279073,in_container,C4_AM3
47568804106,in_container,B9_AM3
47574777729,in_container,G2_AM3
47571502572,in_container,C7_AM3
47559663201,,
47556219514,,H1_AM3
47575574701,in_container,G4_AM3
47575029677,,D2_AM3
47575184299,in_container,D4_AM3
47576934846,in_container,C4_AM3
47572182278,in_container,C9_AM3
47572213326,in_container,H2_AM3
47574074981,in_container,G4_AM3
47572051173,,
47567621885,in_container,G10_AM3
47568219401,in_container,G3_AM3
47571945225,in_container,D5_AM3
47567118382,,
47568645442,in_container,H2_AM3
47552117044,,
47550877954,,
47563477254,in_container,B8_AM3
47576856179,in_container,
47563618486,in_container,H1_AM3
47560967714,in_container,A7_AM3
47574612889,sorting,
47566672694,in_container,D8_AM3
47575350866,in_container,G4_AM3
47570184032,in_container,H1_AM3
47568828240,sorting,
47575922207,sorting,D5_AM3
47577135653,in_container,D4_AM3
47569179460,in_container,C4_AM3
47566369763,,F6_AM3
47557865551,in_container,A6_AM3
47566376250,in_container,C9_AM3
47575602236,sorting,
47576447457,in_container,G3_AM3
47567474602,in_container,A3_AM3
47569158569,in_container,H5_AM3
47578675160,in_container,A8_AM3
47576964811,in_container,D7_AM3
47571248520,sorting,
47571779371,,
47560988356,,
47572080845,in_container,D8_AM3
47574467730,in_container,B8_AM3
47576548349,in_container,
47579885352,in_container,G2_AM3
47577556013,in_container,G2_AM3
47571957993,in_container,B2_AM3
47571023668,in_container,D6_AM3
47560575939,,
47572702615,,
47563251689,,
47562075022,sorting,
47569843065,,A3_AM3
47576116922,sorting,A6_AM3
47572127534,in_container,G5_AM3
47577061935,in_container,F4_AM3
47574164241,in_container,A7_AM3
47576616203,in_container,G4_AM3
47571996556,,
47555828664,,C9_AM3
47561618717,sorting,G7_AM3
47576867058,,F3_AM3
47578150140,in_container,F2_AM3
47556389775,,D2_AM3
47569547633,sorting,
47563514377,in_container,D1_AM3
47574390100,,
47570037686,in_container,H1_AM3
47577324741,in_container,H5_AM3
47572251235,in_container,B5_AM3
47577495581,in_container,F2_AM3
47550215520,,D6_AM3
47571861591,in_container,B1_AM3
47571279014,in_container,F5_AM3
47571877170,in_container,
47556878746,,G6_AM3
47576641353,,
47567184072,in_container,B4_AM3
47567040970,in_container,G1_AM3
47555741932,in_container,H6_AM3
47559748427,sorting,
47578097323,in_container,F4_AM3
47569086257,in_container,B9_AM3
47568170033,,
47541732913,,F1_AM3
47566867205,sorting,
47563408257,,
47570555351,in_container,G6_AM3
47575155503,sorting,
47572004299,in_container,C1_AM3
47576629757,,
47563402905,,
47568744175,,
47569172140,in_container,B1_AM3
47568710081,in_container,F6_AM3
47574965643,in_container,F6_AM3
47570095431,in_container,H4_AM3
47557999283,sorting,
47576717436,,C6_AM3
47572345364,sorting,
47567373365,in_container,D1_AM3
47574569241,,
47576521118,,
47570887796,in_container,D5_AM3
47575303675,,C9_AM3
47574814901,,B8_AM3
47514381082,,G10_AM3
47572584769,in_container,C5_AM3
47575944970,,A2_AM3
47527663111,in_container,B6_AM3
47569080555,in_container,D5_AM3
47554336630,,
47571444161,sorting,H1_AM2
47576813930,in_container,B7_AM3
47571773171,in_container,H1_AM3
47577098777,sorting,
47572235520,sorting,
47571945693,sorting,
47577673311,in_container,C3_AM3
47563523498,in_container,F4_AM3
47570727135,,
47556061898,,
47569477309,in_container,G6_AM3
47567261340,sorting,A9_AM3
47577003266,in_container,G2_AM3
47548659435,,A10_AM3
47576917846,,B7_AM3
47575541406,in_container,D2_AM3
47568910917,in_container,H1_AM3
47563618392,,
47577420201,in_container,B4_AM3
47566454047,,
47558189048,in_container,B3_AM3
47558119648,sorting,G2_AM3
47571078208,in_container,C2_AM3
47563628559,in_container,G2_AM3
47574567160,in_container,F3_AM3
47575586759,sorting,
47575321556,in_container,
47568020279,in_container,D7_AM3
47576859646,sorting,
47575924291,in_container,A2_AM3
47548509184,,A1_AM3
47572374132,,
47571699781,,
47570784676,in_container,G6_AM3
47576946928,sorting,
47566706482,sorting,
47571915917,in_container,G4_AM3
47575288751,in_container,C7_AM3
47571488268,in_container,A10_AM3
47566652824,sorting,
47571300823,sorting,
47563427261,sorting,
47559989781,in_container,
47571726288,in_container,F3_AM3
47570123670,in_container,H7_AM3
47576674237,,
47578152519,in_container,F3_AM3
47570919531,in_container,B2_AM3
47570904944,in_container,
47572243644,in_container,G4_AM3
47570206009,sorting,F9_AM3
47575459648,sorting,
47576596705,,
47567417098,,
47572236336,in_container,B8_AM3
47577239071,in_container,B4_AM3
47563725795,,
47578537337,in_container,A4_AM3
47552094154,,D1_AM3
47571701807,in_container,A7_AM3
47572039217,in_container,A2_AM3
47580315918,in_container,A10_AM3
47572171120,,
47550602259,,A5_AM3
47562643312,sorting,
47569696204,,H4_AM3
47571686742,sorting,
47573905616,in_container,G4_AM3
47568230214,in_container,A4_AM3
47577828931,in_container,D8_AM3
47573972458,,H8_AM3
47574375854,sorting,
47571336819,in_container,A6_AM3
47572092056,,
47563550465,,
47565640490,sorting,
47576542733,,A9_AM3
47569186702,in_container,B2_AM3
47577599180,in_container,F2_AM3
47576093440,,
47570319127,sorting,
47576959024,in_container,A4_AM3
47571313696,sorting,
47558326382,sorting,
47577348204,in_container,B3_AM3
47557108358,,
47575446603,in_container,G1_AM3
47578269696,in_container,B5_AM3
47571830451,in_container,G3_AM3
47569070894,in_container,D2_AM3
47570719361,in_container,G1_AM3
47569153202,in_container,
47558857047,sorting,
47570254923,in_container,F2_AM3
47576629799,in_container,A2_AM3
47576929886,in_container,B2_AM3
47571690083,,
47568976261,sorting,
47577072423,in_container,H1_AM3
47571012780,in_container,A9_AM3
47578016144,in_container,F5_AM3
47562827446,,
47571595785,,
47569387446,,H7_AM3
47578162060,in_container,D6_AM3
47567060814,in_container,F3_AM3
47575719059,sorting,A6_AM3
47572266620,in_container,A2_AM3
47576558617,in_container,G6_AM3
47574299672,sorting,
47571751276,,
47568528651,sorting,
47572324102,,
47569591908,in_container,F5_AM3
47576025885,in_container,A7_AM3
47574509897,,
47570922267,in_container,A6_AM3
47572524150,in_container,G3_AM3
47578658920,in_container,G9_AM3
47568855440,sorting,
47576379146,in_container,D6_AM3
47571253399,in_container,G10_AM3
47567930049,,
47571879118,in_container,H1_AM3
47567233733,in_container,B1_AM3
47571047054,in_container,H7_AM3
47560755126,in_container,C2_AM3
47563646758,sorting,B3_AM3
47571893404,,
47575359797,in_container,G9_AM3
47572228274,sorting,
47576927874,in_container,H2_AM3
47554527485,,
47563142218,sorting,
47572666649,in_container,F3_AM3
47568592522,in_container,F2_AM3
47569588809,,
47571777375,in_container,A9_AM3
47574480380,sorting,
47562239787,in_container,
47577422004,in_container,F4_AM3
47580529635,sorting,
47563175220,sorting,
47569124640,sorting,G9_AM3
47564878720,,
47572164124,in_container,F2_AM3
47569650291,,
47576782146,sorting,
47572827000,sorting,
47568241005,sorting,H8_AM3
47568403548,sorting,B2_AM3
47551425450,,
47574029402,in_container,C3_AM3
47577164041,in_container,G7_AM3
47575202807,in_container,C2_AM3
47576310789,,
47568020353,sorting,D7_AM3
47576055392,in_container,
47571623421,sorting,F8_AM3
47576814032,,
47578723810,in_container,F7_AM3
47563841078,,
47580259544,sorting,
47570442273,sorting,
47577050778,in_container,A7_AM3
47576735648,in_container,B9_AM3
47563762956,in_container,D1_AM3
47578577245,in_container,D6_AM3
47576946228,in_container,H3_AM3
47576842740,in_container,C4_AM3
47569650227,sorting,B7_AM2
47577319752,in_container,B4_AM3
47575093000,in_container,B9_AM3
47571499918,in_container,
47576904709,sorting,
47571899366,,
47563225785,in_container,B8_AM3
47557767508,,A7_AM3
47557767508,,A5_AM1
47571634866,sorting,A9_AM3
47571441220,in_container,C7_AM3
47576402112,sorting,
47556743526,,D1_AM3
47575678557,in_container,C6_AM3
47575236749,in_container,
47571090800,sorting,
47576232739,sorting,F8_AM3
47563125244,in_container,B9_AM3
47556117394,,
47571874943,sorting,
47563722278,sorting,
47577098319,in_container,H8_AM3
47569406083,,
47567695522,in_container,
47567190997,in_container,H4_AM3
47569942446,sorting,
47576277306,in_container,A7_AM3
47570860301,in_container,G5_AM3
47566455367,in_container,A2_AM3
47563342971,,
47577430260,sorting,
47572562226,in_container,D5_AM3
47578245854,in_container,A3_AM3
47571142473,sorting,
47575555898,in_container,C9_AM3
47571301084,in_container,B9_AM3
47570184187,in_container,G6_AM3
47570781022,in_container,B8_AM3
47571343647,,
47570815031,,
47569668319,,
47553432206,,C1_AM3
47569052610,sorting,
47571968114,,
47576711405,in_container,A4_AM3
47567467313,,
47571938061,,A9_AM3
47575158157,,
47567424416,in_container,H6_AM3
47572121969,,
47549715608,,G9_AM3
47562646022,in_container,G2_AM3
47571290528,in_container,G6_AM3
47576332139,in_container,C9_AM3
47551721294,,
47561544545,,
47575541306,in_container,F4_AM3
47553844112,,
47573872841,sorting,
47571274737,in_container,B6_AM3
47573667598,in_container,A8_AM3
47558033000,,
47576937932,in_container,
47576255603,,
47576661198,in_container,A4_AM3
47578048410,in_container,F6_AM3
47571847166,in_container,D3_AM3
47577568112,in_container,F1_AM3
47569010822,in_container,F1_AM3
47555835792,,C9_AM3
47569869439,in_container,D1_AM3
47572613063,in_container,A6_AM3
47571530649,in_container,
47556478168,,
47570786536,in_container,H4_AM3
47572073101,,
47572278714,in_container,F2_AM3
47567821313,in_container,C4_AM3
47568533785,sorting,
47570968002,,
47577328318,in_container,F4_AM3
47572034367,,F2_AM3
47571500083,in_container,G7_AM3
47571600965,in_container,G10_AM3
47563413450,in_container,H2_AM3
47569800406,sorting,D8_AM3
47566801325,sorting,B2_AM3
47570940773,,
47571849996,in_container,D1_AM3
47572236602,in_container,C8_AM3
47557754357,sorting,
47576165099,in_container,C2_AM3
47560701488,,
47577694568,in_container,D8_AM3
47554343610,,B7_AM1
47554343610,,C5_AM3
47577754863,in_container,H4_AM3
47572694351,sorting,
47577843284,in_container,D4_AM3
47570923535,in_container,D4_AM3
47571556240,in_container,F3_AM3
47572080436,,
47571815594,in_container,A4_AM3
47563382139,in_container,G7_AM3
47553365410,,
47576664675,in_container,H1_AM3
47576121786,in_container,H1_AM3
47574769210,sorting,
47563740046,in_container,D1_AM3
47563385803,sorting,
47556106965,in_container,B6_AM3
47568231127,in_container,F3_AM3
47563434035,,D3_AM3
47572016801,sorting,
47578704390,in_container,F2_AM3
47567781420,sorting,
47576843277,in_container,A2_AM3
47557123421,,B2_AM3
47566443238,in_container,H3_AM3
47577007238,in_container,B7_AM3
47556434943,,C2_AM3
47576837901,in_container,D4_AM3
47575040216,in_container,C3_AM3
47563173774,sorting,
47569097260,,
47563209048,sorting,
47571720500,in_container,B3_AM3
47575752894,in_container,G1_AM3
47577087010,,
47575343453,,
47560718228,sorting,A7_AM3
47563348072,in_container,B9_AM3
47574471692,in_container,A10_AM3
47567590570,sorting,
47576141323,sorting,
47566201255,sorting,
47572035860,in_container,C6_AM3
47563603969,in_container,B9_AM3
47571426972,in_container,B1_AM3
47570086616,in_container,C2_AM3
47571563676,in_container,B7_AM3
47563288101,sorting,
47576136477,,
47562933847,,B8_AM3
47576948836,in_container,A1_AM3
47576918431,sorting,
47556897024,,
47563880356,in_container,C3_AM3
47571327712,in_container,C6_AM3
47568422133,in_container,F3_AM3
47563927058,,
47559419885,in_container,G8_AM3
47570900029,in_container,D2_AM3
47578351950,sorting,H5_AM3
47577219671,in_container,A5_AM3
47566779437,in_container,
47559274837,in_container,G2_AM3
47578048434,in_container,F2_AM3
47571292287,in_container,H3_AM3
47571860851,,
47576341145,in_container,D6_AM3
47576324846,,A4_AM3
47576329665,sorting,
47568656083,sorting,
47571554060,,
47575582363,in_container,H5_AM3
47577972362,in_container,D6_AM3
47575009347,sorting,
47576692567,in_container,H1_AM3
47574996199,in_container,B7_AM3
47572302246,sorting,
47563834164,in_container,B2_AM3
47567584241,in_container,D2_AM3
47546532586,,D5_AM3
47574515715,,G1_AM3
47577321323,in_container,G2_AM3
47577891713,in_container,C3_AM3
47569175424,in_container,H6_AM3
47566111180,sorting,
47567717025,in_container,G10_AM3
47551740552,in_container,C9_AM3
47576028163,sorting,
47576099482,in_container,F6_AM3
47577589642,,C3_AM3
47571961113,in_container,F3_AM3
47552075708,,
47577820124,in_container,F4_AM3
47550613912,,
47566928802,in_container,D6_AM3
47576688994,in_container,G2_AM3
47555101869,,A7_AM3
47575285873,sorting,
47576946968,in_container,B3_AM3
47570320467,in_container,G4_AM3
47557442829,,
47571487725,in_container,G5_AM3
47569978484,,A9_AM3
47550858190,sorting,
47575455895,in_container,F1_AM3
47571351246,in_container,B9_AM3
47555029164,,
47557832776,,
47570959708,in_container,D7_AM3
47570998566,in_container,
47571313752,sorting,
47568439105,in_container,B8_AM3
47562338431,sorting,
47579212689,in_container,C1_AM3
47572321948,in_container,G10_AM3
47575799206,in_container,G2_AM3
47575026624,in_container,C4_AM3
47578384226,in_container,C7_AM3
47568774776,sorting,F3_AM3
47569440927,,
47561338331,in_container,H6_AM3
47571689731,sorting,
47571130640,in_container,A9_AM3
47571863192,sorting,
47568450687,,
47570868906,in_container,A7_AM3
47573680338,sorting,H2_AM3
47563886400,,
47557211015,sorting,
47563369967,sorting,
47571830666,in_container,A5_AM3
47576149491,in_container,C3_AM3
47577085888,in_container,G3_AM3
47571725705,sorting,
47577401911,in_container,A7_AM3
47563067257,,
47563140829,in_container,G8_AM3
47568390049,sorting,
47568702744,sorting,H8_AM3
47572237262,in_container,C3_AM3
47577442371,in_container,C4_AM3
47574514728,,D5_AM3
47563725520,sorting,D3_AM3
47575752674,in_container,D3_AM3
47557963760,in_container,
47577079445,in_container,A9_AM3
47561648576,in_container,G10_AM3
47561648576,in_container,F1_AM2
47563286339,,
47571219623,sorting,
47576624407,sorting,
47554917195,in_container,H3_AM3
47577084486,in_container,F4_AM3
47571253261,in_container,C8_AM3
47571706604,sorting,B1_AM3
47565141531,,
47577959560,in_container,H4_AM3
47576031093,in_container,B6_AM3
47565484341,in_container,G1_AM3
47563747636,in_container,A4_AM3
47574694644,sorting,
47547885251,,
47564627596,in_container,C1_AM3
47572023541,in_container,A2_AM3
47579542271,in_container,F5_AM3
47576659855,in_container,C8_AM3
47575338561,in_container,D7_AM3
47574344952,,
47549063241,,B5_AM3
47565668496,sorting,C3_AM3
47553513234,,
47571564599,in_container,H2_AM3
47564003480,,
47554670931,,
47556663001,,
47571578823,in_container,A10_AM3
47550117757,,
47557905073,,
47566594584,in_container,B5_AM3
47568955098,in_container,A4_AM3
47569850690,in_container,
47576449199,,
47580057709,sorting,H1_AM2
47576986770,,
47571662697,,
47572307432,in_container,C2_AM3
47575097171,sorting,
47556453769,,
47566341594,,
47568493735,in_container,D6_AM3
47561413413,in_container,A1_AM3
47578258687,in_container,A7_AM3
47524806869,,F2_AM3
47572055862,,F4_AM3
47569000978,,
47551811082,,G2_AM3
47577260172,in_container,G3_AM3
47577018691,in_container,D3_AM3
47571202346,in_container,G3_AM3
47571742265,sorting,
47579871654,in_container,F5_AM3
47577715282,in_container,F3_AM3
47576807735,,H8_AM3
47569529065,in_container,G3_AM3
47578098935,in_container,F6_AM3
47534601307,,
47570227697,in_container,
47566054811,,
47577833787,in_container,H1_AM3
47572293542,in_container,A8_AM3
47572778099,in_container,D1_AM3
47564917129,,
47491069736,,
47571879131,in_container,D5_AM3
47571873935,in_container,G4_AM3
47542236171,,A6_AM3
47576198402,,
47567577454,sorting,
47572059162,sorting,D6_AM3
47576928477,in_container,C3_AM3
47576107761,in_container,D8_AM3
47570607390,sorting,
47577953653,in_container,H1_AM3
47571091631,in_container,H2_AM3
47519526026,sorting,
47560920888,sorting,G4_AM3
47575492205,sorting,
47574532362,,D4_AM3
47574735347,in_container,D1_AM3
47571503237,,
47575854300,in_container,B3_AM3
47563262431,,
47536324726,,
47561877904,in_container,F1_AM3
47508333388,in_container,B4_AM3
47576702243,,
47575873924,in_container,D6_AM3
47576989715,in_container,D1_AM3
47571671459,in_container,B1_AM3
47577097420,sorting,H6_AM3
47564905584,sorting,
47562903667,in_container,B4_AM3
47566042953,,
47573224251,,
47570927224,,
47576570601,,A5_AM3
47571598375,,
47558773306,,
47571942601,in_container,B9_AM3
47563074663,sorting,G9_AM3
47570180677,sorting,
47555060583,,
47578668446,in_container,A5_AM3
47568716221,,
47563587290,,
47557941662,in_container,D4_AM3
47575620016,in_container,A4_AM3
47571895935,sorting,
47555469805,,A10_AM3
47563069689,in_container,H5_AM3
47561364043,in_container,G10_AM3
47561364043,in_container,F1_AM2
47576280641,,
47567338551,sorting,
47576942007,in_container,A4_AM3
47576864062,in_container,C9_AM3
47571684357,,H8_AM3
47563283509,in_container,H4_AM3
47569268938,,C4_AM3
47577449378,in_container,C6_AM3
47567132843,sorting,A8_AM3
47568499577,sorting,H7_AM3
47547961367,,
47573646180,in_container,F3_AM3
47570094515,sorting,A4_AM3
47576999912,in_container,C1_AM3
47576329344,,B1_AM3
47575285669,in_container,H4_AM3
47575039561,in_container,A5_AM3
47555424582,,
47568480523,in_container,C3_AM3
47548211460,,
47547819876,,
47573689242,in_container,H8_AM3
47578664931,in_container,F3_AM3
47563473943,sorting,
47571821614,sorting,A5_AM3
47568557693,in_container,A3_AM3
47566330510,in_container,
47576199463,in_container,B1_AM3
47576287912,in_container,
47571738222,,
47572859721,in_container,
47572199191,in_container,B2_AM3
47551510149,,
47570081058,in_container,A1_AM3
47571954509,in_container,B5_AM3
47557397253,,B6_AM3
47576854440,in_container,C1_AM3
47568589366,in_container,H7_AM3
47571749550,,
47575544251,in_container,C1_AM3
47571411439,,
47566949003,in_container,C7_AM3
47571738934,in_container,A10_AM3
47576679087,,
47576640420,in_container,D1_AM3
47563296624,sorting,
47565917695,sorting,
47573434390,in_container,A4_AM3
47572348979,sorting,
47556309072,,
47568566148,in_container,B2_AM3
47574939152,,
47560158734,in_container,D1_AM3
47571268868,,F1_AM3
47577023585,in_container,G1_AM3
47571138830,in_container,D8_AM3
47563862864,,
47565668460,sorting,
47577828822,in_container,B4_AM3
47563656474,sorting,
47569344191,,
47561085412,in_container,A7_AM3
47561085412,in_container,A5_AM1
47577164290,sorting,H5_AM3
47576173149,in_container,D3_AM3
47576901667,in_container,B8_AM3
47569905600,in_container,C8_AM3
47571758178,in_container,B9_AM3
47556908568,,D4_AM3
47569535464,sorting,
47577096563,in_container,B8_AM3
47576157157,in_container,C6_AM3
47573951904,in_container,B6_AM3
47559869335,,
47573524833,in_container,C1_AM3
47563709242,,G4_AM3
47571302115,in_container,H5_AM3
47569465359,in_container,A3_AM3
47568409854,in_container,G2_AM3
47568981356,sorting,
47578367068,in_container,B2_AM3
47567622363,in_container,G1_AM3
47571819390,in_container,F3_AM3
47571932343,in_container,H6_AM3
47570447182,sorting,
47568972077,,
47571535901,in_container,A6_AM3
47534404165,,B4_AM3
47569095527,in_container,A7_AM3
47562881123,,
47576897315,in_container,B7_AM3
47571894745,in_container,B1_AM3
47568848385,,
47563141096,in_container,H1_AM3
47579824424,sorting,
47576500467,in_container,F1_AM3
47567751923,in_container,B7_AM3
47575695838,in_container,D3_AM3
47568698677,sorting,
47567557249,sorting,
47575190256,in_container,H4_AM3
47568694014,in_container,A5_AM3
47563463595,,
47576703947,in_container,B5_AM3
47548950290,,D1_AM3
47503773091,,D1_AM3
47576628897,in_container,G6_AM3
47575615112,in_container,G4_AM3
47576298232,in_container,A1_AM3
47571405250,sorting,
47561296620,sorting,
47566919451,in_container,C1_AM3
47572179006,in_container,D4_AM3
47577111171,in_container,G5_AM3
47574868774,sorting,
47572143248,,
47574431524,in_container,D8_AM3
47571898675,in_container,G6_AM3
47536186723,in_container,A1_AM3
47570856582,in_container,G4_AM3
47556915148,,D6_AM3
47551572786,,B2_AM3
47571692277,in_container,C8_AM3
47576848048,sorting,B2_AM1
47567674245,in_container,G1_AM3
47563076809,sorting,
47571593221,in_container,H3_AM3
47574282453,,D4_AM3
47567935794,in_container,B8_AM3
47570598513,in_container,G1_AM3
47570069354,sorting,G1_AM3
47578872988,in_container,D1_AM3
47557552336,,
47572010672,sorting,
47555452133,,F2_AM3
47576711762,sorting,F4_AM3
47576063100,in_container,C1_AM3
47574764852,sorting,F3_AM3
47571313848,sorting,
47570617278,in_container,A2_AM3
47569207802,sorting,
47570186285,in_container,D7_AM3
47576247354,in_container,H4_AM3
47556476844,,
47556225811,,
47571922339,in_container,C9_AM3
47577899734,in_container,D7_AM3
47571916259,sorting,
47562499303,,B9_AM3
47572987349,sorting,A8_AM3
47560487193,,A2_AM3
47577942745,in_container,F3_AM3
47571291790,,
47569258574,sorting,D7_AM3
47569046982,,H2_AM3
47563382188,,
47573821924,in_container,A6_AM3
47571949366,in_container,H4_AM3
47577824254,sorting,B7_AM1
47577734254,in_container,G4_AM3
47575161449,in_container,
47567351566,sorting,
47556896943,,B1_AM3
47574515609,in_container,A1_AM3
47563390981,in_container,B5_AM3
47577130574,in_container,F7_AM3
47571963709,in_container,A1_AM3
47570213824,,
47570894647,in_container,B9_AM3
47575056537,in_container,D3_AM3
47575831754,in_container,B6_AM3
47567027283,in_container,B4_AM3
47568112650,sorting,
47568232927,in_container,B7_AM3
47568186834,,
47572122880,sorting,
47570074574,in_container,G4_AM3
47576640292,in_container,C1_AM3
47577823759,in_container,C2_AM3
47571868444,in_container,F3_AM3
47561097961,sorting,D5_AM3
47577655788,in_container,A8_AM3
47576734785,in_container,A3_AM3
47576048777,in_container,G5_AM3
47576315963,in_container,D3_AM3
47571835097,in_container,A7_AM3
47575936829,in_container,A8_AM3
47576109529,in_container,D3_AM3
47574164265,in_container,
47567225835,,
47575646190,sorting,B3_AM3
47561274916,sorting,A3_AM3
47568678198,in_container,H4_AM3
47554613801,,
47572116236,,
47571127026,in_container,B1_AM3
47578600963,in_container,F3_AM3
47570475252,in_container,G1_AM3
47570964554,sorting,C1_AM3
47570997288,in_container,F4_AM3
47570078472,,
47570878232,,
47571791021,in_container,C2_AM3
47571045402,in_container,C3_AM3
47570450305,in_container,B3_AM3
47579050956,in_container,G2_AM3
47577321341,in_container,F1_AM3
47571874897,in_container,A8_AM3
47571113479,sorting,G7_AM3
47575911665,in_container,
47571141723,in_container,G9_AM3
47563656370,sorting,
47571629018,sorting,
47568985952,in_container,B5_AM3
47574067276,sorting,H4_AM3
47570311201,,
47570100231,in_container,
47558619211,in_container,F2_AM3
47563416768,,
47560677320,sorting,
47571514553,sorting,
47575394653,in_container,H7_AM3
47571948422,,
47557733431,sorting,
47576754957,,
47576232240,in_container,G5_AM3
47557677678,,G1_AM3
47549727323,,
47563808072,in_container,C1_AM3
47572367438,in_container,
47568754170,in_container,G3_AM3
47555867900,,
47576538442,in_container,C2_AM3
47567566655,in_container,C3_AM3
47576999648,in_container,C1_AM3
47576659947,,C3_AM3
47560617622,sorting,
47571355532,,
47554093273,,
47568565542,,
47568995711,,
47556074439,,D8_AM3
47576086577,,B7_AM3
47574444564,sorting,
47576219568,,C6_AM3
47567886665,,
47554726127,in_container,D3_AM3
47575879524,sorting,D5_AM3
47568459253,sorting,
47576640248,,
47576494585,sorting,
47570271717,in_container,D2_AM3
47570299576,sorting,F1_AM3
47570398867,in_container,D8_AM3
47571151841,,D6_AM3
47570704950,in_container,H1_AM3
47576697179,in_container,G9_AM3
47569228869,in_container,A7_AM3
47535751616,,
47576879376,in_container,A10_AM3
47543286586,in_container,G2_AM3
47574801092,in_container,B6_AM3
47570570486,sorting,
47575176899,in_container,G5_AM3
47577207384,in_container,A3_AM3
47577178278,in_container,A5_AM3
47571903098,in_container,C7_AM3
47570110531,in_container,G9_AM3
47572050302,in_container,D2_AM3
47573762452,,
47556792381,,
47551487635,,A1_AM3
47576471874,,
47571128257,in_container,H3_AM3
47567568283,in_container,H1_AM3
47563363030,sorting,
47573337736,sorting,
47575808401,sorting,
47555598417,,B8_AM3
47564392059,in_container,D1_AM3
47554924932,,H3_AM3
47569728035,,
47552164798,,
47574814514,sorting,
47563422679,in_container,D1_AM3
47571798608,in_container,C8_AM3
47557926749,sorting,A2_AM3
47571160369,in_container,
47571923537,in_container,G6_AM3
47575133531,in_container,C7_AM3
47557553189,,H3_AM3
47560715970,in_container,A3_AM3
47572060732,in_container,H8_AM3
47448731789,,
47569020319,sorting,
47539464010,sorting,
47575540915,in_container,G1_AM3
47563490566,sorting,
47572008696,sorting,
47577180788,,
47551493608,,
47576965683,,
47571534698,in_container,F2_AM3
47462042575,in_container,F5_AM3
47574240540,in_container,A8_AM3
47576972475,in_container,G9_AM3
47571861610,,C1_AM3
47563036483,,
47564816264,in_container,G3_AM3
47572084974,in_container,D2_AM3
47570719325,sorting,D9_AM3
47571165407,sorting,
47566917627,in_container,C3_AM3
47578335229,in_container,A1_AM3
47570033190,sorting,D8_AM3
47576930317,,
47576315776,in_container,D4_AM3
47563720865,,
47571684463,,
47575373434,sorting,
47571879112,in_container,F4_AM3
47575379598,in_container,H1_AM3
47570957391,sorting,
47563337445,,
47562945396,in_container,G4_AM3
47576970504,in_container,B3_AM3
47578923450,in_container,H2_AM3
47577449737,in_container,G3_AM3
47574807893,in_container,B7_AM3
47578100789,in_container,B7_AM3
47577534402,in_container,C1_AM3
47568369200,in_container,B8_AM3
47575331545,sorting,
47569291583,in_container,B4_AM3
47560451900,sorting,D2_AM3
47578378634,in_container,D4_AM3
47576778308,,
47569641943,in_container,H2_AM3
47508211011,in_container,C3_AM3
47569526795,,
47563290836,sorting,
47551874613,,
47568453578,,H6_AM3
47574883147,sorting,
47568791260,,A1_AM3
47567001059,,
47548198855,,F4_AM3
47578194945,in_container,G7_AM3
47563443345,,
47577398512,in_container,A1_AM3
47577157273,in_container,G1_AM3
47571651347,,
47570183425,sorting,
47560563482,in_container,F4_AM3
47576008329,sorting,
47562269580,,
47571454364,in_container,G3_AM3
47575163477,in_container,D3_AM3
47562284290,in_container,G2_AM3
47571842515,,
47575356195,in_container,D4_AM3
47571064021,sorting,
47577155185,in_container,F1_AM3
47571288133,in_container,
47563482599,sorting,C9_AM3
47570734581,,
47577394173,in_container,G10_AM3
47563473023,in_container,H4_AM3
47577194367,in_container,B7_AM3
47572345082,in_container,G3_AM3
47567791867,,B3_AM3
47544162737,,
47577135074,in_container,
47482153993,,A10_AM3
47571800694,in_container,A4_AM3
47570700311,,
47575254166,sorting,H3_AM3
47571698543,in_container,B2_AM3
47571777049,in_container,A6_AM3
47571352173,,
47564073139,sorting,
47570947860,sorting,D6_AM3
47577052220,in_container,D6_AM3
47577173523,in_container,B3_AM3
47569192255,in_container,D2_AM3
47577073019,in_container,
47570573579,in_container,F3_AM3
47578840942,sorting,
47563438994,sorting,H6_AM3
47577193843,sorting,
47573195902,in_container,H3_AM3
47551404612,,H8_AM3
47563464689,in_container,B6_AM3
47580283624,in_container,F5_AM3
47574569931,sorting,
47576157529,in_container,D6_AM3
47572860816,sorting,
47576543279,,
47563583472,in_container,D1_AM3
47576434700,in_container,D1_AM3
47566543613,in_container,B5_AM3
47576837792,in_container,A8_AM3
47565111021,in_container,C2_AM3
47571716201,sorting,G8_AM3
47571652778,in_container,F1_AM3
47566704302,in_container,H2_AM3
47578368834,in_container,G3_AM3
47573057223,in_container,B2_AM3
47571591756,sorting,
47563716030,,
47570834778,in_container,G9_AM3
47578955041,in_container,D1_AM3
47568145293,in_container,C4_AM3
47572423546,sorting,
47577373580,in_container,
47527901062,,D5_AM3
47576800449,,
47569573525,,
47557464763,,D1_AM3
47557464763,,A11_AM3
47571251607,,
47566748173,,
47576717220,in_container,B3_AM3
47577991280,in_container,C5_AM3
47571200861,,
47563216112,in_container,B8_AM3
47575544373,in_container,C1_AM3
47575234418,sorting,D4_AM3
47567604681,sorting,B3_AM3
47563304129,in_container,D1_AM3
47571833748,in_container,B6_AM3
47570938654,,G4_AM3
47560311727,in_container,F4_AM3
47549240630,,
47553653853,,G7_AM3
47563182307,,D5_AM3
47560311693,in_container,F4_AM3
47577755871,in_container,G1_AM3
47571204585,in_container,G3_AM3
47571676673,in_container,H3_AM3
47533792955,,
47563429841,,
47508024940,,H4_AM3
47571717756,,
47562179236,in_container,
47566569809,in_container,B7_AM3
47577140082,,
47559654779,,
47554892086,,A4_AM3
47569663455,in_container,H3_AM3
47577002943,in_container,D8_AM3
47563421109,,
47576012051,sorting,
47572281450,in_container,C9_AM3
47567271636,sorting,G7_AM3
47572116294,in_container,C6_AM3
47571493515,in_container,D9_AM3
47551115259,,
47572012515,,
47565665799,in_container,A4_AM3
47571535611,sorting,H6_AM3
47571361449,in_container,B8_AM3
47571897859,,
47571160658,,
47563318965,sorting,
47569366328,in_container,G7_AM3
47575209922,,
47570770536,in_container,C5_AM3
47576476431,,
47577454336,in_container,H3_AM3
47563528747,in_container,D1_AM3
47568183060,in_container,A1_AM3
47568655757,in_container,B2_AM3
47556204545,,B3_AM3
47566235580,in_container,H6_AM3
47570899883,,
47576970462,in_container,B3_AM3
47576012421,in_container,G1_AM3
47577359320,sorting,
47568745008,in_container,C3_AM3
47566210748,in_container,B7_AM3
47575998019,in_container,B7_AM3
47578016702,in_container,B2_AM3
47571380529,in_container,H3_AM3
47571035449,in_container,B9_AM3
47571218260,,
47555936577,,D1_AM3
47571853609,sorting,
47563373231,sorting,
47570157931,in_container,F3_AM3
47571813195,sorting,
47571691049,sorting,
47576520203,in_container,D5_AM3
47571949292,sorting,
47570442109,in_container,B4_AM3
47571428446,,
47570817750,in_container,C2_AM3
47571764081,,
47567122707,sorting,
47569190922,in_container,D5_AM3
47569096555,in_container,H4_AM3
47578514069,in_container,B6_AM3
47572125929,sorting,
47568288186,sorting,
47557816851,sorting,
47574614177,in_container,
47568583228,sorting,
47568689758,in_container,B8_AM3
47557346055,,G9_AM3
47569581061,sorting,
47576782044,in_container,H2_AM3
47572183946,in_container,B4_AM3
47557949576,,
47571050062,in_container,A6_AM3
47559651853,sorting,H5_AM3
47568571525,in_container,A8_AM3
47571492674,sorting,D7_AM3
47569608142,,
47571947748,,
47568928412,sorting,
47574602619,in_container,F6_AM3
47576563016,in_container,G9_AM3
47572107963,sorting,
47576603611,in_container,G8_AM3
47569497501,,
47577067351,in_container,C2_AM3
47576214062,sorting,B2_AM3
47560776940,sorting,
47572389846,in_container,H4_AM3
47576627964,in_container,C4_AM3
47568452891,,
47570981491,in_container,F2_AM3
47578429561,sorting,
47578554949,in_container,C7_AM3
47569681728,sorting,C8_AM3
47574335040,in_container,G4_AM3
47567092565,sorting,
47551015245,,
47563463548,sorting,A10_AM3
47576829042,,H4_AM3
47571885476,,
47571775711,in_container,F5_AM3
47569521833,in_container,
47567319306,sorting,
47575552961,in_container,G1_AM3
47563421969,in_container,F1_AM3
47549027985,,C6_AM3
47569698144,in_container,A10_AM3
47577194414,in_container,C6_AM3
47562598696,in_container,D3_AM3
47575792866,in_container,
47563502117,sorting,
47571185078,in_container,F1_AM3
47568144521,in_container,A5_AM3
47576831237,,
47560311663,in_container,F4_AM3
47566086421,,A6_AM3
47569069415,in_container,B8_AM3
47575032945,in_container,C1_AM3
47571799752,in_container,
47570624626,in_container,D6_AM3
47571679737,,
47569486140,,
47536515588,,B7_AM3
47569828543,in_container,
47569532422,,
47576885637,sorting,
47553708794,,C3_AM3
47571945167,sorting,H6_AM3
47570896490,sorting,
47571907080,sorting,
47564284694,sorting,G9_AM3
47568510361,,
47569011583,in_container,D5_AM3
47571031071,sorting,
47570799145,in_container,D8_AM3
47577163038,,
47576761980,in_container,H7_AM3
47566087186,,
47568669912,,
47560478303,,
47572111946,in_container,C6_AM3
47562665829,sorting,
47570532711,in_container,B5_AM3
47561715242,in_container,A1_AM3
47575443785,in_container,
47567727794,,
47566522118,sorting,
47575520278,in_container,B2_AM3
47570437430,in_container,C6_AM3
47551718533,,
47576800525,in_container,D6_AM3
47554664725,,B7_AM3
47569047211,in_container,A10_AM3
47575760250,,
47569085987,,
47572123072,sorting,
47566682442,,
47568315566,in_container,G8_AM3
47576076519,in_container,H2_AM3
47577358099,in_container,D6_AM3
47578080595,in_container,A8_AM3
47567605662,in_container,G8_AM3
47570112240,in_container,H8_AM3
47571369109,in_container,
47578183274,in_container,H7_AM3
47561624924,in_container,A5_AM3
47578436458,in_container,B8_AM3
47561913318,in_container,
47550246411,,
47570862611,in_container,F3_AM3
47556477661,,B5_AM3
47572186878,,D4_AM3
47577053367,in_container,C7_AM3
47577907238,in_container,A9_AM3
47557404776,,C2_AM3
47563271283,in_container,C1_AM3
47555066584,,
47568791050,,
47576008941,in_container,C2_AM3
47573564201,in_container,B3_AM3
47569915201,in_container,D4_AM3
47567787311,in_container,A6_AM3
47568125391,in_container,B6_AM3
47572231640,in_container,
47577895630,in_container,A2_AM3
47570005650,in_container,H3_AM3
47575656801,in_container,A8_AM3
47565539409,sorting,
47570504139,sorting,G6_AM3
47549974988,,
47562972551,in_container,G5_AM3
47574920051,in_container,C1_AM3
47576341621,in_container,G4_AM3
47558583179,sorting,A1_AM3
47573115893,in_container,G3_AM3
47559431645,in_container,
47576512337,in_container,H5_AM3
47576548883,in_container,G10_AM3
47570410230,in_container,G1_AM3
47570170905,in_container,A5_AM3
47563468473,in_container,C3_AM3
47563627417,sorting,G1_AM3
47577069854,in_container,F1_AM3
47573296429,,
47571451809,in_container,B8_AM3
47571278300,in_container,
47578173194,in_container,G8_AM3
47575377985,in_container,F1_AM3
47567008822,,
47573215204,sorting,
47578757094,in_container,A1_AM3
47571932636,in_container,C2_AM3
47571104370,sorting,
47571995150,sorting,
47568510845,sorting,
47575653088,in_container,D4_AM3
47569839504,sorting,
47570754800,in_container,D2_AM3
47578268494,in_container,B3_AM3
47577244056,in_container,F7_AM3
47578646733,in_container,A1_AM3
47572390212,sorting,H5_AM3
47577171616,in_container,A1_AM3
47570911687,in_container,F1_AM3
47566109072,in_container,B5_AM3
47575946233,in_container,A1_AM3
47571121065,in_container,G5_AM3
47576724919,in_container,A8_AM3
47571572496,in_container,F3_AM3
47567685227,,
47571015657,sorting,
47571324338,in_container,G1_AM3
47578042831,in_container,D7_AM3
47548773914,,B3_AM3
47572634299,in_container,
47576980120,sorting,
47579505915,sorting,
47566161329,in_container,A8_AM3
47570361374,,H4_AM3
47557066259,,G2_AM3
47571640157,in_container,G7_AM3
47563042569,in_container,G2_AM3
47576965899,in_container,B9_AM3
47574401065,in_container,G4_AM3
47568880790,in_container,F2_AM3
47551312273,,
47571765702,sorting,
47568962643,in_container,F3_AM3
47570887587,in_container,
47571623398,in_container,G7_AM3
47568977960,sorting,
47577195541,in_container,G3_AM3
47563664382,,
47569761247,in_container,H8_AM3
47563459107,,
47569877461,sorting,
47570909139,in_container,B7_AM3
47563779750,in_container,D1_AM3
47575190691,in_container,
47570664652,in_container,B5_AM3
47579800377,in_container,C1_AM3
47575872871,in_container,G3_AM3
47570207658,,
47575050479,,
47577228746,in_container,B7_AM3
47572493604,sorting,
47575681443,in_container,B1_AM3
47572255520,in_container,D8_AM3
47571962435,in_container,G5_AM3
47561727463,in_container,A3_AM3
47540496859,,
47556668704,,
47571622013,in_container,D4_AM3
47560772581,in_container,H5_AM3
47552089150,,
47575481347,,A6_AM3
47574816901,,D7_AM3
47570246287,in_container,G5_AM3
47555167986,,A10_AM3
47575275081,in_container,F3_AM3
47580225143,in_container,F5_AM3
47578301438,in_container,D2_AM3
47555853607,,
47571953458,,
47573473567,,
47570699431,in_container,A8_AM3
47576620090,,
47562088665,sorting,
47575033321,,F9_AM3
47569039722,,
47571199213,sorting,
47571875408,sorting,
47574282417,in_container,D4_AM3
47578058733,in_container,G5_AM3
47571502219,sorting,
47572576579,in_container,F1_AM3
47571508263,in_container,F5_AM3
47563785702,in_container,F1_AM3
47571986788,in_container,G3_AM3
47575528612,,
47575680677,in_container,B7_AM3
47578800548,in_container,C4_AM3
47567912553,sorting,
47568415507,in_container,F4_AM3
47571768392,sorting,
47576402471,in_container,F2_AM3
47576451757,in_container,A2_AM3
47572069723,in_container,B4_AM3
47566182881,in_container,A1_AM3
47563743504,sorting,
47551410797,,
47561260729,in_container,C1_AM3
47555156038,,D1_AM3
47574911863,in_container,D4_AM3
47576674417,sorting,
47571251813,in_container,D3_AM3
47563504980,,
47570691306,in_container,G6_AM3
47567331849,,
47557324335,,
47577299928,in_container,F3_AM3
47577435236,sorting,
47571499722,in_container,G8_AM3
47569591648,in_container,F5_AM3
47570496821,,
47559423530,sorting,
47562241281,in_container,G1_AM3
47576709774,,
47578243886,in_container,F4_AM3
47573710636,in_container,G5_AM3
47571472632,,
47578180999,in_container,A5_AM3
47574087046,in_container,H1_AM3
47577428730,in_container,D6_AM3
47572421682,in_container,H1_AM3
47570727405,sorting,
47570142987,in_container,C1_AM3
47571327716,in_container,
47578259553,in_container,D2_AM3
47571125779,in_container,B4_AM3
47570618662,in_container,D5_AM3
47570272201,sorting,F1_AM3
47575168418,sorting,
47569696428,,
47569786177,in_container,H2_AM3
47570968674,in_container,G4_AM3
47569979519,in_container,A4_AM3
47552109462,in_container,A9_AM3
47569694203,in_container,C3_AM3
47569919196,sorting,
47572234674,,
47576769045,,
47563506204,in_container,G7_AM3
47575607189,sorting,
47577430720,sorting,H2_AM1
47570247654,in_container,A9_AM3
47569831374,,H8_AM3
47570930652,in_container,G9_AM3
47570020909,,
47570174001,in_container,H3_AM3
47556901373,,
47563605372,,
47572179404,sorting,
47576688307,,
47573557807,in_container,A9_AM3
47568198332,sorting,B4_AM3
47567054594,,
47577448204,in_container,G3_AM3
47570646233,sorting,H7_AM3
47566061276,in_container,A10_AM3
47575841648,in_container,A8_AM3
47569460878,in_container,G3_AM3
47577212352,in_container,B5_AM3
47577976291,in_container,G7_AM3
47545664857,,C3_AM3
47576348585,sorting,
47576479157,sorting,
47563883294,in_container,B4_AM3
47572038285,in_container,D4_AM3
47570737099,in_container,F7_AM3
47576014203,sorting,H7_AM3
47557349673,sorting,
47570594993,sorting,
47572282554,in_container,A4_AM3
47576838611,sorting,
47572255794,sorting,
47571901838,sorting,
47571728191,in_container,G6_AM3
47550690186,,
47571333525,in_container,C8_AM3
47576903783,in_container,A6_AM3
47563853400,in_container,H1_AM3
47571339181,in_container,F1_AM3
47557364237,,B5_AM3
47556758560,,C1_AM3
47570528307,,
47551866027,,D4_AM3
47576941036,,B3_AM3
47571904120,in_container,A9_AM3
47563578257,,
47575545067,,
47565308622,sorting,
47569110855,,
47571929699,in_container,H1_AM3
47572394368,sorting,A10_AM3
47577859663,in_container,C1_AM3
47576560156,in_container,G1_AM3
47571809795,sorting,
47577207707,in_container,G8_AM3
47500657414,,H8_AM3
47558068394,,
47569093700,,
47552246114,,
47572498641,,
47570158339,in_container,F3_AM3
47572512002,,
47565623708,sorting,
47575454615,sorting,D4_AM3
47578536078,in_container,A9_AM3
47578646780,,
47548672296,,
47518837992,in_container,G2_AM3
47579525873,in_container,B3_AM3
47550428750,,
47560854585,in_container,
47578334595,in_container,D7_AM3
47572241168,in_container,A8_AM3
47570494239,in_container,F5_AM3
47573720866,in_container,A9_AM3
47571929911,sorting,
47563569657,in_container,B1_AM3
47562870356,,C6_AM3
47557769725,in_container,G6_AM3
47577912709,in_container,D6_AM3
47571121619,,
47576790918,in_container,H1_AM3
47571670337,in_container,B4_AM3
47578013017,sorting,
47571726863,in_container,F6_AM3
47563427115,,H3_AM3
47560983093,,A3_AM3
47562999836,sorting,
47575992828,sorting,
47577346920,in_container,A2_AM3
47569718888,in_container,A8_AM3
47567218765,in_container,G2_AM3
47577595934,in_container,D9_AM3
47562412492,in_container,C5_AM3
47576711295,sorting,F1_AM3
47572308708,sorting,
47552338652,,C9_AM3
47578298642,in_container,H6_AM3
47563413364,,
47570100551,in_container,B7_AM3
47572065973,in_container,C7_AM3
47574884566,sorting,G5_AM3
47571893456,in_container,C8_AM3
47571688113,in_container,B3_AM3
47569656265,,
47551104538,,
47559941490,in_container,B4_AM3
47576465729,,
47563518647,,
47565900895,sorting,H2_AM3
47563421537,sorting,
47554580268,sorting,
47547831970,,
47567828710,,
47577310083,in_container,G1_AM3
47522596889,in_container,H7_AM3
47570600354,in_container,A5_AM3
47563462490,in_container,B2_AM3
47554868425,,
47563275249,,
47569569633,in_container,B7_AM3
47558015130,in_container,D2_AM3
47576499369,,C7_AM3
47562816755,in_container,D4_AM3
47560168156,sorting,
47577066170,,
47567011523,in_container,G3_AM3
47572312688,in_container,G4_AM3
47577245058,in_container,A4_AM3
47571924091,in_container,A7_AM3
47578749940,in_container,G7_AM3
47571825278,in_container,G8_AM3
47570285595,,G8_AM3
47578136512,sorting,
47509694308,in_container,F1_AM3
47571697471,in_container,D4_AM3
47571217918,in_container,H3_AM3
47574101150,in_container,G2_AM3
47577173658,in_container,B8_AM3
47567625272,in_container,
47575327402,sorting,
47575441247,in_container,G3_AM3
47571793267,in_container,D4_AM3
47571905500,sorting,A3_AM3
47577171118,in_container,A1_AM3
47580305489,in_container,F5_AM3
47570761755,,B9_AM3
47562432868,,F3_AM3
47555527233,,F4_AM3
47572314644,in_container,G9_AM3
47571932872,in_container,B9_AM3
47576306820,in_container,B6_AM3
47570315375,,
47560268080,in_container,A4_AM3
47569753439,sorting,
47576585922,in_container,
47550488337,,
47571709113,sorting,
47569505200,in_container,H6_AM3
47570982982,in_container,F2_AM3
47575022028,in_container,
47570569875,in_container,F5_AM3
47567599788,,
47571808292,in_container,G6_AM3
47568344574,sorting,
47572227612,,
47570254800,,
47575617060,,C2_AM3
47571992173,sorting,J2_AM1
47571944820,in_container,F1_AM3
47570180294,,G1_AM3
47571853331,sorting,
47569068540,in_container,F7_AM3
47576598417,in_container,F3_AM3
47571764063,in_container,B5_AM3
47567818617,,
47571271839,,
47577500599,in_container,G2_AM3
47567305884,in_container,D2_AM3
47572867086,in_container,A5_AM3
47557204402,,
47577007618,sorting,
47571583545,in_container,D1_AM3
47562453944,in_container,B9_AM3
47565384745,in_container,F1_AM3
47578094454,in_container,A2_AM3
47557764199,sorting,
47569011499,in_container,D5_AM3
47555621709,,
47551751695,,
47570386692,,
47569893660,sorting,
47571941344,in_container,C1_AM3
47575390166,in_container,F1_AM3
47563554079,sorting,
47570126725,in_container,G6_AM3
47571971587,in_container,H2_AM3
47572052227,sorting,
47578410198,in_container,H5_AM3
47577679646,in_container,C4_AM3
47571850013,in_container,F1_AM3
47571909693,,
47563178209,in_container,G2_AM3
47569124807,in_container,C6_AM3
47570260324,sorting,
47571982963,,
47576660221,sorting,
47571474053,sorting,
47555590564,,
47572169890,in_container,H7_AM3
47566382579,,
47566045867,,
47576832442,in_container,B3_AM3
47570053929,in_container,C8_AM3
47563767378,,F3_AM3
47561895360,in_container,
47575946812,in_container,F4_AM3
47571219711,in_container,D9_AM3
47557450737,,
47574695698,in_container,C5_AM3
47577060018,in_container,C6_AM3
47563613585,,
47576394743,in_container,D3_AM3
47569067240,in_container,F1_AM3
47571279626,in_container,F1_AM3
47576402108,,
47555683376,,D2_AM3
47571863682,sorting,H4_AM3
47577937893,in_container,A4_AM3
47574067325,in_container,A9_AM3
47569525032,,
47572128989,,H6_AM3
47571912907,sorting,F1_AM3
47562267465,,
47557545945,sorting,
47560670618,sorting,
47568156118,,
47572147862,in_container,D8_AM3
47571580602,in_container,A5_AM3
47568091875,in_container,D6_AM3
47568100456,in_container,A10_AM3
47550521611,,
47571170854,in_container,C2_AM3
47563512164,in_container,H4_AM3
47576005121,in_container,A3_AM3
47575029877,in_container,D2_AM3
47577078282,in_container,D8_AM3
47573152451,,
47575754377,in_container,F4_AM3
47557794581,in_container,H1_AM3
47576690688,in_container,G2_AM3
47572251450,in_container,A9_AM3
47569055824,,
47576184572,in_container,D8_AM3
47550639399,,C8_AM3
47571418093,in_container,A4_AM3
47567099793,sorting,
47563562362,sorting,
47576223639,in_container,F7_AM3
47571315579,in_container,F1_AM3
47580441228,sorting,
47571185648,in_container,G7_AM3
47569115679,in_container,G7_AM3
47572025448,in_container,H1_AM3
47576713141,in_container,H1_AM3
47570154276,sorting,
47567628867,,
47577357150,in_container,G5_AM3
47550101495,,C8_AM3
47562957471,in_container,A5_AM3
47571623526,,
47576816415,in_container,D1_AM3
47559888581,in_container,H5_AM3
47574721147,in_container,D2_AM3
47576509397,in_container,H1_AM3
47571311170,in_container,F1_AM3
47566811355,in_container,H6_AM3
47572013933,sorting,A4_AM3
47571452919,sorting,D8_AM3
47567966568,in_container,D3_AM3
47578130015,in_container,G4_AM3
47567201632,in_container,B2_AM3
47561902037,,
47572130020,sorting,C8_AM3
47568343386,in_container,G2_AM3
47568371645,in_container,H6_AM3
47571800462,in_container,A10_AM3
47577306478,,
47577660740,in_container,G1_AM3
47574444991,sorting,
47563438366,in_container,D1_AM3
47569696530,,
47557788121,sorting,
47561239553,in_container,G9_AM3
47572775223,sorting,
47578576457,in_container,C3_AM3
47569696150,sorting,
47575885504,in_container,F5_AM3
47564346129,,
47571749354,,
47569692340,,
47566642358,in_container,F4_AM3
47575643540,,
47572196924,in_container,D3_AM3
47574494337,in_container,G10_AM3
47571622169,,
47571991101,in_container,A8_AM3
47541380147,,
47572111156,in_container,F1_AM3
47571941425,sorting,F1_AM3
47572443783,,
47574750863,in_container,F2_AM3
47571060661,in_container,B3_AM3
47570543170,,
47563656348,sorting,H4_AM3
47573422573,in_container,G7_AM3
47569850848,,
47571716819,,
47570122616,,
47555711971,in_container,F4_AM3
47571886592,sorting,
47568822643,sorting,
47568431969,sorting,
47576807872,in_container,C3_AM3
47572039025,,
47577660897,in_container,A2_AM3
47562585818,sorting,
47462042389,in_container,F5_AM3
47571925998,sorting,
47555826089,,
47567531340,in_container,
47571146583,,
47563518305,,
47571645926,sorting,C2_AM3
47577273738,in_container,G5_AM3
47574773715,sorting,
47577070725,in_container,B4_AM3
47571354324,in_container,
47563780684,in_container,D1_AM3
47576974126,in_container,D7_AM3
47571861784,sorting,
47570965988,,
47574757218,in_container,C3_AM3
47574485117,,A9_AM3
47569919036,,
47574759794,,F8_AM3
47561092871,in_container,
47571832824,sorting,
47571934432,sorting,F9_AM3
47574722502,in_container,A6_AM3
47522504368,sorting,
47569152031,in_container,F2_AM3
47562786427,in_container,C3_AM3
47575003786,in_container,F2_AM3
47574769172,sorting,
47575334342,in_container,B8_AM3
47571922226,,
47576409723,in_container,A2_AM3
47555170120,,
47575805389,sorting,
47568751789,in_container,
47580216696,sorting,
47563444805,,
47570106495,,
47570465212,in_container,H1_AM3
47578172905,in_container,B9_AM3
47571302820,in_container,B4_AM3
47571576904,sorting,
47571828707,in_container,H6_AM3
47576472014,sorting,H8_AM3
47576653226,,
47575345151,in_container,F6_AM3
47578033390,in_container,C2_AM3
47576022413,in_container,C8_AM3
47571687336,sorting,
47576945939,in_container,A2_AM3
47572165622,sorting,B7_AM1
47572165622,sorting,A6_AM2
47571007699,in_container,A5_AM3
47575499043,in_container,B1_AM3
47574721220,sorting,
47575068833,in_container,F7_AM3
47578105466,in_container,B2_AM3
47565968054,in_container,F2_AM3
47570362966,in_container,H8_AM3
47558181620,in_container,C1_AM3
47570396819,in_container,F3_AM3
47551662098,,D4_AM3
47571848386,in_container,G9_AM3
47571505697,in_container,C4_AM3
47568846518,sorting,
47575279420,in_container,D2_AM3
47567038257,,
47577382808,in_container,G8_AM3
47563249120,in_container,G10_AM3
47563249120,in_container,F1_AM2
47552101513,,
47571964738,,
47563665063,,
47571960459,in_container,G2_AM3
47566440761,in_container,C1_AM3
47563430795,in_container,G7_AM3
47565803292,sorting,
47568921815,sorting,
47578474708,in_container,A4_AM3
47569088649,sorting,B3_AM3
47575219063,sorting,
47574429361,in_container,A7_AM3
47576687443,sorting,
47573871287,sorting,
47567034989,in_container,G10_AM3
47571195885,in_container,H1_AM3
47568878800,sorting,
47541268072,,
47557923465,sorting,
47577000662,in_container,G5_AM3
47576999690,in_container,C1_AM3
47575613042,in_container,A1_AM3
47576093383,in_container,C3_AM3
47572289642,in_container,B3_AM3
47571709679,in_container,F6_AM3
47576745171,sorting,
47571374122,in_container,C8_AM3
47574159784,in_container,C5_AM3
47568294567,sorting,G4_AM3
47571840274,in_container,A10_AM3
47558092278,sorting,
47431724182,,
47563792756,in_container,H3_AM3
47563374519,in_container,H4_AM3
47574169855,in_container,C8_AM3
47577430647,in_container,C2_AM3
47578635830,in_container,H1_AM3
47555040643,,B1_AM3
47571859424,in_container,A1_AM3
47571203926,in_container,F2_AM3
47534991659,,
47569137731,,A2_AM3
47569675313,in_container,G5_AM3
47574358463,in_container,A4_AM3
47571418249,,
47570373016,sorting,
47576378827,sorting,G9_AM3
47570986954,in_container,F1_AM3
47569403351,sorting,B2_AM3
47571923509,in_container,D5_AM3
47571270544,in_container,H7_AM3
47569109818,,B6_AM3
47570158073,in_container,F3_AM3
47576781383,sorting,G8_AM3
47575168637,in_container,
47551123022,,
47576629365,in_container,G5_AM3
47575225286,sorting,
47570607207,,
47578131055,in_container,D5_AM3
47575725454,in_container,F2_AM3
47551465511,,G4_AM3
47561952373,sorting,A3_AM2
47577264994,in_container,H2_AM3
47567942595,in_container,B4_AM3
47572075589,sorting,
47570271643,in_container,H5_AM3
47571532352,,H3_AM3
47570557418,in_container,C4_AM3
47559024107,in_container,D2_AM3
47574856885,in_container,A10_AM3
47573797995,in_container,G3_AM3
47571443896,sorting,
47549309071,,B9_AM3
47576873826,sorting,
47571128009,in_container,G8_AM3
47560210761,in_container,F5_AM3
47563238573,sorting,
47563597311,in_container,G8_AM3
47574128452,in_container,
47563117858,,
47571381727,in_container,B1_AM3
47563290608,,
47575860111,sorting,
47576834077,,
47569218350,in_container,H8_AM3
47577433957,sorting,
47576607536,in_container,D4_AM3
47571239391,sorting,
47577641573,in_container,B2_AM3
47548668297,,
47571255092,in_container,G5_AM3
47571606759,in_container,B6_AM3
47570160843,,
47577270322,in_container,H2_AM3
47577533542,in_container,D2_AM3
47571956979,in_container,F2_AM3
47569172354,sorting,
47563611881,in_container,C5_AM3
47553082213,sorting,
47567420001,in_container,D8_AM3
47577548290,sorting,
47562429540,in_container,B2_AM3
47578448273,in_container,H1_AM3
47575417443,in_container,G7_AM3
47576659646,,
47561384692,in_container,A3_AM3
47566784970,,
47576883101,in_container,A1_AM3
47567982515,in_container,
47576799407,in_container,G2_AM3
47576149694,in_container,H4_AM3
47576012772,in_container,D2_AM3
47566189020,in_container,C1_AM3
47574601896,sorting,
47573100431,in_container,G3_AM3
47568066275,in_container,
47569782042,,
47577717882,in_container,A1_AM3
47566825556,in_container,C2_AM3
47578650913,in_container,A6_AM3
47560789539,sorting,
47563152297,sorting,
47578278538,in_container,G3_AM3
47567201028,in_container,B2_AM3
47571160756,in_container,H2_AM3
47575781808,sorting,
47566305913,in_container,D5_AM3
47576076769,in_container,
47577383730,in_container,G10_AM3
47568125249,in_container,H1_AM3
47571578593,sorting,
47571786576,in_container,C2_AM3
47575783978,in_container,G1_AM3
47571714554,in_container,D8_AM3
47578134270,in_container,B1_AM3
47568910533,in_container,H1_AM3
47453229461,,
47569558691,in_container,H1_AM3
47575726979,in_container,G6_AM3
47563110588,sorting,
47572075756,sorting,
47575643687,in_container,D2_AM3
47559856447,,
47556225537,,
47556536422,,
47570749328,in_container,
47575777927,sorting,A10_AM3
47575543171,in_container,B7_AM3
47580186191,in_container,F5_AM3
47549415701,,
47568981970,in_container,C1_AM3
47563429855,,
47560554252,in_container,H3_AM3
47571794671,in_container,F3_AM3
47576668508,in_container,D1_AM3
47575243698,in_container,A7_AM3
47570069308,in_container,G1_AM3
47552276680,in_container,B2_AM3
47570959454,,H7_AM3
47576146444,in_container,H4_AM3
47578758978,in_container,G2_AM3
47575024156,in_container,G2_AM3
47575004568,in_container,
47563710317,,
47576830609,in_container,B8_AM3
47562057221,sorting,
47563107160,,
47557275382,,G6_AM3
47560937506,sorting,
47578400793,in_container,H2_AM3
47573795076,in_container,C7_AM3
47571821459,,
47577278242,in_container,A2_AM3
47574222210,in_container,F7_AM3
47575969942,sorting,F4_AM3
47576743371,in_container,A6_AM3
47557087017,,
47571956377,in_container,A3_AM3
47568364582,missorted,
47576270848,,
47558097502,,
47557650865,,
47567163051,,
47571816447,in_container,
47554093075,,
47571164031,,F3_AM3
47578401538,in_container,A4_AM3
47576240761,in_container,G10_AM3
47571667323,in_container,F2_AM3
47577008626,in_container,B9_AM3
47577135236,,D4_AM3
47571971147,,
47576543399,in_container,G4_AM3
47568358874,sorting,
47554617898,,
47575628713,sorting,
47571217892,sorting,
47488243091,in_container,F2_AM3
47561900076,,
47571558633,sorting,C7_AM3
47555556616,,
47572234062,,
47577454805,in_container,H3_AM3
47574659511,,
47570816719,in_container,B6_AM3
47552109210,,
47576775927,,G7_AM3
47571920577,,C3_AM3
47571881073,in_container,A7_AM3
47569187803,sorting,
47551011679,,
47576126983,in_container,F1_AM3
47578114210,in_container,H6_AM3
47548306676,,C1_AM3
47570276459,in_container,B2_AM3
47571108457,,
47571461479,in_container,D2_AM3
47572092702,in_container,F2_AM3
47572107226,in_container,H2_AM3
47571968483,in_container,B6_AM3
47548595807,,D2_AM3
47563539693,in_container,G6_AM3
47567717201,,
47576681836,in_container,
47563831012,in_container,F1_AM3
47567428549,sorting,
47576390513,in_container,A6_AM3
47575990281,in_container,G8_AM3
47577120017,in_container,H1_AM3
47577933045,sorting,
47578509368,in_container,
47564982049,,
47551770773,,
47570847818,in_container,H3_AM3
47556984723,,C4_AM3
47564830833,in_container,G10_AM3
47564830833,in_container,F1_AM2
47571388707,in_container,G6_AM3
47576704015,in_container,D2_AM3
47578280209,,
47571886872,sorting,B3_AM3
47571348041,,B5_AM3
47565309743,in_container,H3_AM3
47570474448,in_container,A5_AM3
47562760865,sorting,
47576895634,in_container,C6_AM3
47553146814,,G1_AM3
47571851608,in_container,G10_AM3
47572111728,in_container,C6_AM3
47575053709,in_container,C7_AM3
47576580460,in_container,B6_AM3
47568010943,,
47575327685,,
47556161595,,D3_AM3
47570530330,in_container,A5_AM3
47572694397,in_container,C2_AM3
47563098513,in_container,G2_AM3
47558922085,,
47563328851,in_container,D1_AM3
47571787247,in_container,B7_AM3
47574462534,in_container,B3_AM3
47554503674,in_container,B7_AM3
47575714242,in_container,A10_AM3
47551118964,,B6_AM3
47576626932,,
47563644622,,
47567690779,,D5_AM3
47562316329,sorting,
47560845488,in_container,C9_AM3
47571043706,in_container,A10_AM3
47571059052,in_container,G5_AM3
47571160910,sorting,
47571972325,,
47566883906,,
47571785180,sorting,
47578720446,in_container,A6_AM3
47576200488,in_container,G2_AM3
47573738961,in_container,F2_AM3
47576879178,in_container,A10_AM3
47576170652,in_container,D9_AM3
47574765223,sorting,
47568054877,in_container,G6_AM3
47563753132,,
47551821472,,
47570916349,in_container,F4_AM3
47562064415,,D3_AM3
47562252221,sorting,
47557412870,,
47575014745,,
47575476157,in_container,F2_AM3
47576554231,in_container,A4_AM3
47572980870,in_container,F6_AM3
47557159359,,
47545047965,,G1_AM3
47571763921,in_container,B6_AM3
47571263107,in_container,C7_AM3
47574986577,in_container,
47574072015,in_container,H3_AM3
47569039808,sorting,
47569213370,in_container,F1_AM3
47571372853,sorting,A7_AM3
47575983574,in_container,F2_AM3
47571723593,in_container,B4_AM3
47576054025,in_container,G3_AM3
47576396025,in_container,A2_AM3
47575468601,in_container,A3_AM3
47563435449,in_container,A5_AM3
47538368572,in_container,C8_AM3
47554008356,,F5_AM3
47543058300,,C4_AM3
47551740596,,G7_AM3
47562044431,,
47566516353,in_container,H6_AM3
47570541490,in_container,H1_AM3
47561281575,,
47573236691,,
47573314980,,
47576298463,in_container,A7_AM3
47547927080,,
47571079313,in_container,H8_AM3
47569987934,in_container,B2_AM3
47577351333,in_container,A7_AM3
47544903072,,H3_AM3
47561036914,,
47560715658,,
47571942018,sorting,
47576378242,in_container,C4_AM3
47576776997,sorting,
47574111355,in_container,H2_AM3
47571948984,sorting,
47575522749,in_container,D3_AM3
47572039003,in_container,A5_AM3
47563619550,in_container,G2_AM3
47552285084,,D3_AM3
47577270847,in_container,A1_AM3
47571070487,,
47551401737,,F4_AM3
47574773445,in_container,A8_AM3
47567142388,in_container,
47571716505,in_container,G8_AM3
47572001291,in_container,B7_AM3
47570121047,in_container,G1_AM3
47563358814,in_container,C4_AM3
47575821062,,G6_AM3
47569421396,sorting,
47573256046,sorting,F5_AM3
47554366305,,G2_AM3
47567219535,in_container,D3_AM3
47570927313,,
47565614548,in_container,H1_AM3
47569414489,,
47571715802,sorting,
47569182791,,
47574216002,in_container,H1_AM3
47577200867,in_container,A8_AM3
47565558273,in_container,C5_AM3
47578108570,in_container,C1_AM3
47572007356,sorting,D7_AM3
47570337693,sorting,B2_AM3
47549056713,,B4_AM3
47567367542,sorting,D3_AM3
47514487832,,B5_AM3
47578327220,in_container,A4_AM3
47570005493,,
47259175782,,H2_AM3
47570207755,sorting,
47576595846,in_container,B6_AM3
47575513185,in_container,B9_AM3
47571655200,in_container,
47563363235,,
47576914483,in_container,B4_AM3
47561212852,sorting,
47563671082,sorting,
47571954222,in_container,B5_AM3
47571524866,in_container,A2_AM3
47567236808,,
47577849405,in_container,B8_AM3
47570128869,,
47578054476,in_container,G9_AM3
47575829685,sorting,
47576646030,in_container,F1_AM3
47561784287,in_container,A3_AM3
47566182845,in_container,A1_AM3
47580287801,in_container,H3_AM3
47571638618,in_container,G6_AM3
47560411760,sorting,B1_AM3
47574808899,in_container,F1_AM3
47571977549,,
47570681270,,C1_AM3
47568791907,in_container,B1_AM3
47571533137,sorting,
47563167662,in_container,D1_AM3
47576874408,sorting,
47578581313,in_container,G2_AM3
47560917089,in_container,H4_AM3
47576201756,in_container,B5_AM3
47570801712,in_container,A3_AM3
47571225339,,C4_AM3
47578214589,in_container,D5_AM3
47563553719,in_container,D1_AM3
47563580246,in_container,D1_AM3
47575703598,in_container,G4_AM3
47578751742,in_container,H4_AM3
47571262370,,
47574823752,in_container,G7_AM3
47576641664,in_container,C2_AM3
47577914289,in_container,B4_AM3
47576564127,in_container,A9_AM3
47567695736,in_container,H4_AM3
47571366548,in_container,C4_AM3
47576602729,in_container,B7_AM3
47570629002,in_container,F2_AM3
47569197253,sorting,C2_AM3
47571286323,,B1_AM3
47570159271,in_container,D3_AM3
47572173764,,
47567962751,sorting,H2_AM3
47569209595,,
47568400685,in_container,H1_AM3
47576842557,,
47571971691,,
47551939699,,A9_AM3
47577687584,sorting,
47575496790,in_container,F7_AM3
47577636683,in_container,H6_AM3
47567712665,,D3_AM3
47571899753,in_container,B6_AM3
47561454989,sorting,
47559114683,sorting,
47569350671,in_container,
47575679361,sorting,
47576605427,,C1_AM3
47576352398,in_container,D1_AM3
47576817242,in_container,B3_AM3
47571015877,,
47569655238,,H7_AM3
47578487172,sorting,
47547545295,,C4_AM3
47571108392,sorting,F8_AM3
47575802865,in_container,B9_AM3
47562076263,sorting,
47576405609,in_container,
47573447049,in_container,
47575623553,sorting,
47569297975,in_container,C2_AM3
47576387714,in_container,
47568348083,sorting,F7_AM3
47563264458,sorting,
47558046038,in_container,G1_AM3
47571954464,sorting,
47571670285,,
47571268939,sorting,A3_AM3
47572021404,,
47577384260,in_container,F5_AM3
47571322273,,
47568026542,sorting,
47568027402,in_container,D6_AM3